"ID","UTC","Order","Context","Choice","ResponseTime","Correct"
"e650971b16c38fb6eba1df767dbb4287",1787150592199,1,"tf3_3_M_ss3.jpeg","tf3_3_T1_ss3_pd.jpeg",8633,1
"e650971b16c38fb6eba1df767dbb4287",1787150603420,2,"tf2_41_M_ss3.jpeg","tf2_41_T1_ss3_pd.jpeg",9889,1
"e650971b16c38fb6eba1df767dbb4287",1787150634090,3,"tf3_33_M_ss3.jpeg","tf3_33_T2_ss3_pd.jpeg",29360,0
"e650971b16c38fb6eba1df767dbb4287",1787150640320,4,"tf2_2_M_ss3.jpeg","tf2_2_T1_ss3_pd.jpeg",4914,1
"e650971b16c38fb6eba1df767dbb4287",1787150658788,5,"tf1_57_M_ss2.jpeg","tf1_57_T3_ss2_pd.jpeg",17158,0
"e650971b16c38fb6eba1df767dbb4287",1787150664168,6,"tf1_1_M_ss3.jpeg","tf1_1_T1_ss3_pd.jpeg",4067,1
"e650971b16c38fb6eba1df767dbb4287",1787150684269,7,"tf3_21_M_ss3.jpeg","tf3_21_T1_ss3_pd.jpeg",18797,1
"e650971b16c38fb6eba1df767dbb4287",1787150700993,8,"tf2_45_M_ss1.jpeg","tf2_45_T1_ss1_pd.jpeg",15417,1
"e650971b16c38fb6eba1df767dbb4287",1787150732315,9,"tf3_75_M_ss3.jpeg",NA,30000,0
"e650971b16c38fb6eba1df767dbb4287",1787150740717,10,"tf3_44_M_ss2.jpeg","tf3_44_T3_ss2_pd.jpeg",7081,0
"e650971b16c38fb6eba1df767dbb4287",1787150749172,11,"tf3_17_M_ss2.jpeg","tf3_17_T1_ss2_pd.jpeg",7135,1
"e650971b16c38fb6eba1df767dbb4287",1787150766035,12,"tf1_55_M_ss3.jpeg","tf1_55_T1_ss3_pd.jpeg",15553,1
"e650971b16c38fb6eba1df767dbb4287",1787150784518,13,"tf2_42_M_ss1.jpeg","tf2_42_T1_ss1_pd.jpeg",17165,1
"e650971b16c38fb6eba1df767dbb4287",1787150805115,14,"tf1_74_M_ss1.jpeg","tf1_74_T1_ss1_pd.jpeg",19281,1
"e650971b16c38fb6eba1df767dbb4287",1787150835902,15,"tf3_35_M_ss2.jpeg","tf3_35_T2_ss2_pd.jpeg",29471,0
"e650971b16c38fb6eba1df767dbb4287",1787150859428,16,"tf2_30_M_ss1.jpeg","tf2_30_T1_ss1_pd.jpeg",22209,1
"e650971b16c38fb6eba1df767dbb4287",1787150878630,17,"tf3_78_M_ss3.jpeg","tf3_78_T1_ss3_pd.jpeg",17892,1
"e650971b16c38fb6eba1df767dbb4287",1787150903608,18,"tf2_52_M_ss2.jpeg","tf2_52_T2_ss2_pd.jpeg",23659,0
"e650971b16c38fb6eba1df767dbb4287",1787150932904,19,"tf2_76_M_ss2.jpeg","tf2_76_T1_ss2_pd.jpeg",27992,1
"e650971b16c38fb6eba1df767dbb4287",1787150964215,20,"tf2_36_M_ss1.jpeg",NA,30000,0
"e650971b16c38fb6eba1df767dbb4287",1787150980253,21,"tf1_72_M_ss2.jpeg","tf1_72_T1_ss2_pd.jpeg",14719,1
"e650971b16c38fb6eba1df767dbb4287",1787151011564,22,"tf2_29_M_ss3.jpeg",NA,30000,0
"e650971b16c38fb6eba1df767dbb4287",1787151026005,23,"tf2_46_M_ss2.jpeg","tf2_46_T1_ss2_pd.jpeg",13122,1
"e650971b16c38fb6eba1df767dbb4287",1787151049336,24,"tf2_24_M_ss1.jpeg","tf2_24_T3_ss1_pd.jpeg",22013,0
"e650971b16c38fb6eba1df767dbb4287",1787151065668,25,"tf2_63_M_ss1.jpeg","tf2_63_T1_ss1_pd.jpeg",15015,1
"e650971b16c38fb6eba1df767dbb4287",1787151090766,26,"tf2_58_M_ss2.jpeg","tf2_58_T4_ss2_md.jpeg",23781,0
"e650971b16c38fb6eba1df767dbb4287",1787151101363,27,"tf3_59_M_ss2.jpeg","tf3_59_T4_ss2_pd.jpeg",9287,0
"e650971b16c38fb6eba1df767dbb4287",1787151120263,28,"tf3_66_M_ss3.jpeg","tf3_66_T3_ss3_pd.jpeg",17581,0
"e650971b16c38fb6eba1df767dbb4287",1787151139475,29,"tf1_64_M_ss3.jpeg","tf1_64_T2_ss3_pd.jpeg",17905,0
"e650971b16c38fb6eba1df767dbb4287",1787151149362,30,"tf1_80_M_ss1.jpeg","tf1_80_T2_ss1_pd.jpeg",8576,0
"7c8b2ff11cf5dd071b1c2b1686f8d8a6",1787150021460,1,"tf3_33_M_ss3.jpeg","tf3_33_T3_ss3_pd.jpeg",968,0
"7c8b2ff11cf5dd071b1c2b1686f8d8a6",1787150023317,2,"tf2_2_M_ss3.jpeg","tf2_2_T3_ss3_pd.jpeg",556,0
"7c8b2ff11cf5dd071b1c2b1686f8d8a6",1787150025020,3,"tf1_1_M_ss3.jpeg","tf1_1_T2_ss3_pd.jpeg",400,0
"7c8b2ff11cf5dd071b1c2b1686f8d8a6",1787150026761,4,"tf2_41_M_ss3.jpeg","tf2_41_T1_ss3_pd.jpeg",437,1
"7c8b2ff11cf5dd071b1c2b1686f8d8a6",1787150028463,5,"tf1_57_M_ss2.jpeg","tf1_57_T3_ss2_pd.jpeg",399,0
"7c8b2ff11cf5dd071b1c2b1686f8d8a6",1787150030210,6,"tf3_3_M_ss3.jpeg","tf3_3_T1_ss3_pd.jpeg",443,1
"7c8b2ff11cf5dd071b1c2b1686f8d8a6",1787150032043,7,"tf1_80_M_ss1.jpeg","tf1_80_T3_ss1_pd.jpeg",531,0
"7c8b2ff11cf5dd071b1c2b1686f8d8a6",1787150033938,8,"tf2_36_M_ss1.jpeg","tf2_36_T4_ss1_pd.jpeg",592,0
"7c8b2ff11cf5dd071b1c2b1686f8d8a6",1787150035726,9,"tf2_63_M_ss1.jpeg","tf2_63_T3_ss1_pd.jpeg",486,0
"7c8b2ff11cf5dd071b1c2b1686f8d8a6",1787150037488,10,"tf1_64_M_ss3.jpeg","tf1_64_T2_ss3_pd.jpeg",460,0
"7c8b2ff11cf5dd071b1c2b1686f8d8a6",1787150039218,11,"tf2_46_M_ss2.jpeg","tf2_46_T3_ss2_pd.jpeg",427,0
"7c8b2ff11cf5dd071b1c2b1686f8d8a6",1787150046922,12,"tf2_24_M_ss1.jpeg","tf2_24_T4_ss1_pd.jpeg",6399,0
"7c8b2ff11cf5dd071b1c2b1686f8d8a6",1787150050087,13,"tf2_29_M_ss3.jpeg","tf2_29_T1_ss3_pd.jpeg",1862,1
"7c8b2ff11cf5dd071b1c2b1686f8d8a6",1787150051947,14,"tf3_44_M_ss2.jpeg","tf3_44_T4_ss2_pd.jpeg",556,0
"7c8b2ff11cf5dd071b1c2b1686f8d8a6",1787150053710,15,"tf1_74_M_ss1.jpeg","tf1_74_T1_ss1_pd.jpeg",459,1
"7c8b2ff11cf5dd071b1c2b1686f8d8a6",1787150055456,16,"tf3_59_M_ss2.jpeg","tf3_59_T2_ss2_pd.jpeg",442,0
"7c8b2ff11cf5dd071b1c2b1686f8d8a6",1787150057537,17,"tf3_17_M_ss2.jpeg","tf3_17_T4_ss2_pd.jpeg",778,0
"7c8b2ff11cf5dd071b1c2b1686f8d8a6",1787150059359,18,"tf2_30_M_ss1.jpeg","tf2_30_T3_ss1_pd.jpeg",519,0
"7c8b2ff11cf5dd071b1c2b1686f8d8a6",1787150061031,19,"tf3_35_M_ss2.jpeg","tf3_35_T3_ss2_pd.jpeg",369,0
"7c8b2ff11cf5dd071b1c2b1686f8d8a6",1787150062629,20,"tf3_78_M_ss3.jpeg","tf3_78_T4_ss3_pd.jpeg",294,0
"7c8b2ff11cf5dd071b1c2b1686f8d8a6",1787150064294,21,"tf2_58_M_ss2.jpeg","tf2_58_T2_ss2_md.jpeg",361,0
"7c8b2ff11cf5dd071b1c2b1686f8d8a6",1787150065910,22,"tf3_66_M_ss3.jpeg","tf3_66_T1_ss3_pd.jpeg",313,1
"7c8b2ff11cf5dd071b1c2b1686f8d8a6",1787150067955,23,"tf3_75_M_ss3.jpeg","tf3_75_T2_ss3_pd.jpeg",741,0
"7c8b2ff11cf5dd071b1c2b1686f8d8a6",1787150069660,24,"tf2_45_M_ss1.jpeg","tf2_45_T2_ss1_pd.jpeg",402,0
"7c8b2ff11cf5dd071b1c2b1686f8d8a6",1787150071415,25,"tf1_72_M_ss2.jpeg","tf1_72_T1_ss2_pd.jpeg",452,1
"7c8b2ff11cf5dd071b1c2b1686f8d8a6",1787150073043,26,"tf2_52_M_ss2.jpeg","tf2_52_T3_ss2_pd.jpeg",324,0
"7c8b2ff11cf5dd071b1c2b1686f8d8a6",1787150074803,27,"tf3_21_M_ss3.jpeg","tf3_21_T4_ss3_pd.jpeg",457,0
"7c8b2ff11cf5dd071b1c2b1686f8d8a6",1787150076467,28,"tf2_42_M_ss1.jpeg","tf2_42_T1_ss1_pd.jpeg",360,1
"7c8b2ff11cf5dd071b1c2b1686f8d8a6",1787150078082,29,"tf2_76_M_ss2.jpeg","tf2_76_T3_ss2_pd.jpeg",312,0
"7c8b2ff11cf5dd071b1c2b1686f8d8a6",1787150079739,30,"tf1_55_M_ss3.jpeg","tf1_55_T3_ss3_pd.jpeg",354,0
"334e30628c345d44e8b9f824a6de7444",1787150298523,1,"tf1_1_M_ss3.jpeg","tf1_1_T1_ss3_pd.jpeg",589,1
"334e30628c345d44e8b9f824a6de7444",1787150300240,2,"tf2_2_M_ss3.jpeg","tf2_2_T3_ss3_pd.jpeg",414,0
"334e30628c345d44e8b9f824a6de7444",1787150301950,3,"tf3_33_M_ss3.jpeg","tf3_33_T2_ss3_pd.jpeg",406,0
"334e30628c345d44e8b9f824a6de7444",1787150303705,4,"tf1_57_M_ss2.jpeg","tf1_57_T1_ss2_pd.jpeg",451,1
"334e30628c345d44e8b9f824a6de7444",1787150305483,5,"tf2_41_M_ss3.jpeg","tf2_41_T4_ss3_pd.jpeg",475,0
"334e30628c345d44e8b9f824a6de7444",1787150307594,6,"tf3_3_M_ss3.jpeg","tf3_3_T2_ss3_pd.jpeg",807,0
"334e30628c345d44e8b9f824a6de7444",1787150309315,7,"tf3_75_M_ss3.jpeg","tf3_75_T3_ss3_pd.jpeg",418,0
"334e30628c345d44e8b9f824a6de7444",1787150311100,8,"tf2_58_M_ss2.jpeg","tf2_58_T2_ss2_md.jpeg",481,0
"334e30628c345d44e8b9f824a6de7444",1787150312817,9,"tf1_55_M_ss3.jpeg","tf1_55_T2_ss3_pd.jpeg",413,0
"334e30628c345d44e8b9f824a6de7444",1787150314866,10,"tf3_78_M_ss3.jpeg","tf3_78_T3_ss3_pd.jpeg",747,0
"334e30628c345d44e8b9f824a6de7444",1787150316666,11,"tf3_66_M_ss3.jpeg","tf3_66_T3_ss3_pd.jpeg",496,0
"334e30628c345d44e8b9f824a6de7444",1787150318720,12,"tf3_44_M_ss2.jpeg","tf3_44_T3_ss2_pd.jpeg",750,0
"334e30628c345d44e8b9f824a6de7444",1787150320461,13,"tf1_74_M_ss1.jpeg","tf1_74_T2_ss1_pd.jpeg",437,0
"334e30628c345d44e8b9f824a6de7444",1787150323144,14,"tf1_72_M_ss2.jpeg","tf1_72_T3_ss2_pd.jpeg",1381,0
"334e30628c345d44e8b9f824a6de7444",1787150325277,15,"tf2_45_M_ss1.jpeg","tf2_45_T2_ss1_pd.jpeg",831,0
"334e30628c345d44e8b9f824a6de7444",1787150327137,16,"tf2_29_M_ss3.jpeg","tf2_29_T4_ss3_pd.jpeg",557,0
"334e30628c345d44e8b9f824a6de7444",1787150330114,17,"tf2_76_M_ss2.jpeg","tf2_76_T1_ss2_pd.jpeg",1674,1
"334e30628c345d44e8b9f824a6de7444",1787150331928,18,"tf2_30_M_ss1.jpeg","tf2_30_T2_ss1_pd.jpeg",512,0
"334e30628c345d44e8b9f824a6de7444",1787150333628,19,"tf3_35_M_ss2.jpeg","tf3_35_T3_ss2_pd.jpeg",397,0
"334e30628c345d44e8b9f824a6de7444",1787150335495,20,"tf2_42_M_ss1.jpeg","tf2_42_T4_ss1_pd.jpeg",564,0
"334e30628c345d44e8b9f824a6de7444",1787150337278,21,"tf3_17_M_ss2.jpeg","tf3_17_T1_ss2_pd.jpeg",480,1
"334e30628c345d44e8b9f824a6de7444",1787150339161,22,"tf3_59_M_ss2.jpeg","tf3_59_T2_ss2_pd.jpeg",580,0
"334e30628c345d44e8b9f824a6de7444",1787150340899,23,"tf1_64_M_ss3.jpeg","tf1_64_T4_ss3_pd.jpeg",435,0
"334e30628c345d44e8b9f824a6de7444",1787150342805,24,"tf2_52_M_ss2.jpeg","tf2_52_T4_ss2_pd.jpeg",602,0
"334e30628c345d44e8b9f824a6de7444",1787150344537,25,"tf2_46_M_ss2.jpeg","tf2_46_T3_ss2_pd.jpeg",429,0
"334e30628c345d44e8b9f824a6de7444",1787150346406,26,"tf2_63_M_ss1.jpeg","tf2_63_T2_ss1_pd.jpeg",566,0
"334e30628c345d44e8b9f824a6de7444",1787150349135,27,"tf3_21_M_ss3.jpeg","tf3_21_T3_ss3_pd.jpeg",1427,0
"334e30628c345d44e8b9f824a6de7444",1787150351146,28,"tf1_80_M_ss1.jpeg","tf1_80_T3_ss1_pd.jpeg",708,0
"334e30628c345d44e8b9f824a6de7444",1787150353028,29,"tf2_24_M_ss1.jpeg","tf2_24_T2_ss1_pd.jpeg",580,0
"334e30628c345d44e8b9f824a6de7444",1787150354928,30,"tf2_36_M_ss1.jpeg","tf2_36_T2_ss1_pd.jpeg",597,0
"2863d21663e4a916fce72b7addaf37b4",1787150671097,1,"tf3_3_M_ss3.jpeg","tf3_3_T2_ss3_pd.jpeg",972,0
"2863d21663e4a916fce72b7addaf37b4",1787150673066,2,"tf2_2_M_ss3.jpeg","tf2_2_T1_ss3_pd.jpeg",667,1
"2863d21663e4a916fce72b7addaf37b4",1787150674799,3,"tf1_1_M_ss3.jpeg","tf1_1_T3_ss3_pd.jpeg",431,0
"2863d21663e4a916fce72b7addaf37b4",1787150676525,4,"tf2_41_M_ss3.jpeg","tf2_41_T4_ss3_pd.jpeg",423,0
"2863d21663e4a916fce72b7addaf37b4",1787150678408,5,"tf3_33_M_ss3.jpeg","tf3_33_T3_ss3_pd.jpeg",579,0
"2863d21663e4a916fce72b7addaf37b4",1787150680192,6,"tf1_57_M_ss2.jpeg","tf1_57_T4_ss2_pd.jpeg",480,0
"2863d21663e4a916fce72b7addaf37b4",1787150682746,7,"tf3_78_M_ss3.jpeg","tf3_78_T4_ss3_pd.jpeg",1250,0
"2863d21663e4a916fce72b7addaf37b4",1787150684491,8,"tf2_45_M_ss1.jpeg","tf2_45_T3_ss1_pd.jpeg",442,0
"2863d21663e4a916fce72b7addaf37b4",1787150686223,9,"tf2_30_M_ss1.jpeg","tf2_30_T2_ss1_pd.jpeg",427,0
"2863d21663e4a916fce72b7addaf37b4",1787150687903,10,"tf3_17_M_ss2.jpeg","tf3_17_T4_ss2_pd.jpeg",377,0
"2863d21663e4a916fce72b7addaf37b4",1787150689563,11,"tf2_46_M_ss2.jpeg","tf2_46_T3_ss2_pd.jpeg",357,0
"2863d21663e4a916fce72b7addaf37b4",1787150691202,12,"tf1_55_M_ss3.jpeg","tf1_55_T3_ss3_pd.jpeg",337,0
"2863d21663e4a916fce72b7addaf37b4",1787150692846,13,"tf3_21_M_ss3.jpeg","tf3_21_T4_ss3_pd.jpeg",341,0
"2863d21663e4a916fce72b7addaf37b4",1787150694504,14,"tf2_58_M_ss2.jpeg","tf2_58_T3_ss2_md.jpeg",354,0
"2863d21663e4a916fce72b7addaf37b4",1787150696102,15,"tf2_63_M_ss1.jpeg","tf2_63_T3_ss1_pd.jpeg",294,0
"2863d21663e4a916fce72b7addaf37b4",1787150697730,16,"tf2_42_M_ss1.jpeg","tf2_42_T4_ss1_pd.jpeg",325,0
"2863d21663e4a916fce72b7addaf37b4",1787150699477,17,"tf2_36_M_ss1.jpeg","tf2_36_T2_ss1_pd.jpeg",443,0
"2863d21663e4a916fce72b7addaf37b4",1787150701128,18,"tf1_74_M_ss1.jpeg","tf1_74_T4_ss1_pd.jpeg",347,0
"2863d21663e4a916fce72b7addaf37b4",1787150702814,19,"tf2_52_M_ss2.jpeg","tf2_52_T4_ss2_pd.jpeg",383,0
"2863d21663e4a916fce72b7addaf37b4",1787150704449,20,"tf3_66_M_ss3.jpeg","tf3_66_T4_ss3_pd.jpeg",331,0
"2863d21663e4a916fce72b7addaf37b4",1787150706039,21,"tf3_35_M_ss2.jpeg","tf3_35_T2_ss2_pd.jpeg",286,0
"2863d21663e4a916fce72b7addaf37b4",1787150707665,22,"tf3_44_M_ss2.jpeg","tf3_44_T2_ss2_pd.jpeg",324,0
"2863d21663e4a916fce72b7addaf37b4",1787150709279,23,"tf3_75_M_ss3.jpeg","tf3_75_T3_ss3_pd.jpeg",311,0
"2863d21663e4a916fce72b7addaf37b4",1787150710985,24,"tf1_80_M_ss1.jpeg","tf1_80_T3_ss1_pd.jpeg",403,0
"2863d21663e4a916fce72b7addaf37b4",1787150712617,25,"tf1_72_M_ss2.jpeg","tf1_72_T1_ss2_pd.jpeg",329,1
"2863d21663e4a916fce72b7addaf37b4",1787150714430,26,"tf2_29_M_ss3.jpeg","tf2_29_T3_ss3_pd.jpeg",511,0
"2863d21663e4a916fce72b7addaf37b4",1787150716060,27,"tf3_59_M_ss2.jpeg","tf3_59_T2_ss2_pd.jpeg",327,0
"2863d21663e4a916fce72b7addaf37b4",1787150717937,28,"tf1_64_M_ss3.jpeg","tf1_64_T3_ss3_pd.jpeg",574,0
"2863d21663e4a916fce72b7addaf37b4",1787150719731,29,"tf2_76_M_ss2.jpeg","tf2_76_T3_ss2_pd.jpeg",490,0
"2863d21663e4a916fce72b7addaf37b4",1787150721506,30,"tf2_24_M_ss1.jpeg","tf2_24_T3_ss1_pd.jpeg",472,0
"6fe40b7eed1de8e03e29a1ec51a64b26",1787185400061,1,"tf3_33_M_ss3.jpeg","tf3_33_T1_ss3_pd.jpeg",19575,1
"6fe40b7eed1de8e03e29a1ec51a64b26",1787185407408,2,"tf2_2_M_ss3.jpeg","tf2_2_T1_ss3_pd.jpeg",6041,1
"6fe40b7eed1de8e03e29a1ec51a64b26",1787185412164,3,"tf3_3_M_ss3.jpeg","tf3_3_T1_ss3_pd.jpeg",3441,1
"6fe40b7eed1de8e03e29a1ec51a64b26",1787185418447,4,"tf2_41_M_ss3.jpeg","tf2_41_T1_ss3_pd.jpeg",4973,1
"6fe40b7eed1de8e03e29a1ec51a64b26",1787185424352,5,"tf1_57_M_ss2.jpeg","tf1_57_T2_ss2_pd.jpeg",4593,0
"6fe40b7eed1de8e03e29a1ec51a64b26",1787185427555,6,"tf1_1_M_ss3.jpeg","tf1_1_T1_ss3_pd.jpeg",1900,1
"6fe40b7eed1de8e03e29a1ec51a64b26",1787185441198,7,"tf1_80_M_ss1.jpeg","tf1_80_T4_ss1_pd.jpeg",12325,0
"6fe40b7eed1de8e03e29a1ec51a64b26",1787185456758,8,"tf3_59_M_ss2.jpeg","tf3_59_T1_ss2_pd.jpeg",14252,1
"6fe40b7eed1de8e03e29a1ec51a64b26",1787185473598,9,"tf2_30_M_ss1.jpeg","tf2_30_T1_ss1_pd.jpeg",15525,1
"6fe40b7eed1de8e03e29a1ec51a64b26",1787185499465,10,"tf1_64_M_ss3.jpeg","tf1_64_T3_ss3_pd.jpeg",24554,0
"6fe40b7eed1de8e03e29a1ec51a64b26",1787185525433,11,"tf2_24_M_ss1.jpeg","tf2_24_T1_ss1_pd.jpeg",24638,1
"6fe40b7eed1de8e03e29a1ec51a64b26",1787185541126,12,"tf1_74_M_ss1.jpeg","tf1_74_T1_ss1_pd.jpeg",14381,1
"6fe40b7eed1de8e03e29a1ec51a64b26",1787185561001,13,"tf2_52_M_ss2.jpeg","tf2_52_T1_ss2_pd.jpeg",18563,1
"6fe40b7eed1de8e03e29a1ec51a64b26",1787185590134,14,"tf2_63_M_ss1.jpeg","tf2_63_T1_ss1_pd.jpeg",27829,1
"6fe40b7eed1de8e03e29a1ec51a64b26",1787185618653,15,"tf3_44_M_ss2.jpeg","tf3_44_T4_ss2_pd.jpeg",27216,0
"6fe40b7eed1de8e03e29a1ec51a64b26",1787185630667,16,"tf2_42_M_ss1.jpeg","tf2_42_T1_ss1_pd.jpeg",10704,1
"6fe40b7eed1de8e03e29a1ec51a64b26",1787185644216,17,"tf3_17_M_ss2.jpeg","tf3_17_T1_ss2_pd.jpeg",12222,1
"6fe40b7eed1de8e03e29a1ec51a64b26",1787185672617,18,"tf3_75_M_ss3.jpeg","tf3_75_T2_ss3_pd.jpeg",27075,0
"6fe40b7eed1de8e03e29a1ec51a64b26",1787185684332,19,"tf2_76_M_ss2.jpeg","tf2_76_T1_ss2_pd.jpeg",10404,1
"6fe40b7eed1de8e03e29a1ec51a64b26",1787185692850,20,"tf1_72_M_ss2.jpeg","tf1_72_T1_ss2_pd.jpeg",7212,1
"6fe40b7eed1de8e03e29a1ec51a64b26",1787185709590,21,"tf3_66_M_ss3.jpeg","tf3_66_T1_ss3_pd.jpeg",15435,1
"6fe40b7eed1de8e03e29a1ec51a64b26",1787185734773,22,"tf3_78_M_ss3.jpeg","tf3_78_T1_ss3_pd.jpeg",23868,1
"6fe40b7eed1de8e03e29a1ec51a64b26",1787185756037,23,"tf3_35_M_ss2.jpeg","tf3_35_T1_ss2_pd.jpeg",19950,1
"6fe40b7eed1de8e03e29a1ec51a64b26",1787185769561,24,"tf3_21_M_ss3.jpeg","tf3_21_T1_ss3_pd.jpeg",12214,1
"6fe40b7eed1de8e03e29a1ec51a64b26",1787185785797,25,"tf2_29_M_ss3.jpeg","tf2_29_T1_ss3_pd.jpeg",14934,1
"6fe40b7eed1de8e03e29a1ec51a64b26",1787185799475,26,"tf1_55_M_ss3.jpeg","tf1_55_T1_ss3_pd.jpeg",12361,1
"6fe40b7eed1de8e03e29a1ec51a64b26",1787185827991,27,"tf2_36_M_ss1.jpeg","tf2_36_T1_ss1_pd.jpeg",27202,1
"6fe40b7eed1de8e03e29a1ec51a64b26",1787185855868,28,"tf2_58_M_ss2.jpeg","tf2_58_T1_ss2_md.jpeg",26562,1
"6fe40b7eed1de8e03e29a1ec51a64b26",1787185866935,29,"tf2_45_M_ss1.jpeg","tf2_45_T1_ss1_pd.jpeg",9769,1
"6fe40b7eed1de8e03e29a1ec51a64b26",1787185892652,30,"tf2_46_M_ss2.jpeg","tf2_46_T1_ss2_pd.jpeg",24402,1
"9eee279774762bb494e4e09035bc4d1c",1787192793478,1,"tf1_57_M_ss2.jpeg","tf1_57_T4_ss2_pd.jpeg",615,0
"9eee279774762bb494e4e09035bc4d1c",1787192795141,2,"tf1_1_M_ss3.jpeg","tf1_1_T2_ss3_pd.jpeg",360,0
"9eee279774762bb494e4e09035bc4d1c",1787192797030,3,"tf2_41_M_ss3.jpeg","tf2_41_T4_ss3_pd.jpeg",495,0
"9eee279774762bb494e4e09035bc4d1c",1787192798509,4,"tf3_3_M_ss3.jpeg","tf3_3_T4_ss3_pd.jpeg",111,0
"9eee279774762bb494e4e09035bc4d1c",1787192800126,5,"tf3_33_M_ss3.jpeg","tf3_33_T4_ss3_pd.jpeg",314,0
"9eee279774762bb494e4e09035bc4d1c",1787192802046,6,"tf2_2_M_ss3.jpeg","tf2_2_T1_ss3_pd.jpeg",503,1
"9eee279774762bb494e4e09035bc4d1c",1787192804022,7,"tf3_66_M_ss3.jpeg","tf3_66_T3_ss3_pd.jpeg",674,0
"9eee279774762bb494e4e09035bc4d1c",1787192805942,8,"tf2_76_M_ss2.jpeg","tf2_76_T2_ss2_pd.jpeg",516,0
"9eee279774762bb494e4e09035bc4d1c",1787192807677,9,"tf2_45_M_ss1.jpeg","tf2_45_T2_ss1_pd.jpeg",330,0
"9eee279774762bb494e4e09035bc4d1c",1787192809357,10,"tf2_30_M_ss1.jpeg","tf2_30_T3_ss1_pd.jpeg",379,0
"9eee279774762bb494e4e09035bc4d1c",1787192811030,11,"tf1_55_M_ss3.jpeg","tf1_55_T1_ss3_pd.jpeg",370,1
"9eee279774762bb494e4e09035bc4d1c",1787192812701,12,"tf3_78_M_ss3.jpeg","tf3_78_T1_ss3_pd.jpeg",369,1
"9eee279774762bb494e4e09035bc4d1c",1787192814340,13,"tf3_21_M_ss3.jpeg","tf3_21_T3_ss3_pd.jpeg",337,0
"9eee279774762bb494e4e09035bc4d1c",1787192815917,14,"tf2_29_M_ss3.jpeg","tf2_29_T2_ss3_pd.jpeg",208,0
"9eee279774762bb494e4e09035bc4d1c",1787192817910,15,"tf1_74_M_ss1.jpeg","tf1_74_T3_ss1_pd.jpeg",691,0
"9eee279774762bb494e4e09035bc4d1c",1787192819733,16,"tf2_42_M_ss1.jpeg","tf2_42_T4_ss1_pd.jpeg",419,0
"9eee279774762bb494e4e09035bc4d1c",1787192821363,17,"tf3_75_M_ss3.jpeg","tf3_75_T3_ss3_pd.jpeg",328,0
"9eee279774762bb494e4e09035bc4d1c",1787192823093,18,"tf3_59_M_ss2.jpeg","tf3_59_T2_ss2_pd.jpeg",354,0
"9eee279774762bb494e4e09035bc4d1c",1787192824749,19,"tf3_44_M_ss2.jpeg","tf3_44_T2_ss2_pd.jpeg",354,0
"9eee279774762bb494e4e09035bc4d1c",1787192826429,20,"tf1_80_M_ss1.jpeg","tf1_80_T1_ss1_pd.jpeg",331,1
"9eee279774762bb494e4e09035bc4d1c",1787192828078,21,"tf2_24_M_ss1.jpeg","tf2_24_T1_ss1_pd.jpeg",347,1
"9eee279774762bb494e4e09035bc4d1c",1787192829708,22,"tf1_72_M_ss2.jpeg","tf1_72_T4_ss2_pd.jpeg",329,0
"9eee279774762bb494e4e09035bc4d1c",1787192831221,23,"tf1_64_M_ss3.jpeg","tf1_64_T3_ss3_pd.jpeg",139,0
"9eee279774762bb494e4e09035bc4d1c",1787192832909,24,"tf2_58_M_ss2.jpeg","tf2_58_T3_ss2_md.jpeg",318,0
"9eee279774762bb494e4e09035bc4d1c",1787192834637,25,"tf2_63_M_ss1.jpeg","tf2_63_T4_ss1_pd.jpeg",426,0
"9eee279774762bb494e4e09035bc4d1c",1787192836261,26,"tf2_46_M_ss2.jpeg","tf2_46_T1_ss2_pd.jpeg",322,1
"9eee279774762bb494e4e09035bc4d1c",1787192837909,27,"tf3_17_M_ss2.jpeg","tf3_17_T3_ss2_pd.jpeg",267,0
"9eee279774762bb494e4e09035bc4d1c",1787192839397,28,"tf3_35_M_ss2.jpeg","tf3_35_T1_ss2_pd.jpeg",186,1
"9eee279774762bb494e4e09035bc4d1c",1787192841037,29,"tf2_36_M_ss1.jpeg","tf2_36_T4_ss1_pd.jpeg",338,0
"9eee279774762bb494e4e09035bc4d1c",1787192842773,30,"tf2_52_M_ss2.jpeg","tf2_52_T4_ss2_pd.jpeg",434,0
"b901c96b0f6a4c8de38eb5b94155211b",1787192886551,1,"tf2_41_M_ss3.jpeg","tf2_41_T4_ss3_pd.jpeg",735,0
"b901c96b0f6a4c8de38eb5b94155211b",1787192888189,2,"tf3_3_M_ss3.jpeg","tf3_3_T3_ss3_pd.jpeg",334,0
"b901c96b0f6a4c8de38eb5b94155211b",1787192889829,3,"tf3_33_M_ss3.jpeg","tf3_33_T1_ss3_pd.jpeg",337,1
"b901c96b0f6a4c8de38eb5b94155211b",1787192891437,4,"tf1_57_M_ss2.jpeg","tf1_57_T1_ss2_pd.jpeg",305,1
"b901c96b0f6a4c8de38eb5b94155211b",1787192893014,5,"tf2_2_M_ss3.jpeg","tf2_2_T4_ss3_pd.jpeg",159,0
"b901c96b0f6a4c8de38eb5b94155211b",1787192894605,6,"tf1_1_M_ss3.jpeg","tf1_1_T2_ss3_pd.jpeg",247,0
"b901c96b0f6a4c8de38eb5b94155211b",1787192896197,7,"tf2_52_M_ss2.jpeg","tf2_52_T1_ss2_pd.jpeg",289,1
"b901c96b0f6a4c8de38eb5b94155211b",1787192897830,8,"tf1_64_M_ss3.jpeg","tf1_64_T1_ss3_pd.jpeg",286,1
"b901c96b0f6a4c8de38eb5b94155211b",1787192899342,9,"tf3_75_M_ss3.jpeg","tf3_75_T4_ss3_pd.jpeg",210,0
"b901c96b0f6a4c8de38eb5b94155211b",1787192900932,10,"tf2_58_M_ss2.jpeg","tf2_58_T4_ss2_md.jpeg",288,0
"b901c96b0f6a4c8de38eb5b94155211b",1787192902549,11,"tf2_24_M_ss1.jpeg","tf2_24_T3_ss1_pd.jpeg",315,0
"b901c96b0f6a4c8de38eb5b94155211b",1787192904086,12,"tf1_55_M_ss3.jpeg","tf1_55_T2_ss3_pd.jpeg",233,0
"b901c96b0f6a4c8de38eb5b94155211b",1787192905518,13,"tf2_46_M_ss2.jpeg","tf2_46_T1_ss2_pd.jpeg",131,1
"b901c96b0f6a4c8de38eb5b94155211b",1787192907134,14,"tf3_21_M_ss3.jpeg","tf3_21_T3_ss3_pd.jpeg",314,0
"b901c96b0f6a4c8de38eb5b94155211b",1787192909198,15,"tf2_76_M_ss2.jpeg","tf2_76_T4_ss2_pd.jpeg",719,0
"b901c96b0f6a4c8de38eb5b94155211b",1787192911165,16,"tf3_17_M_ss2.jpeg","tf3_17_T3_ss2_pd.jpeg",631,0
"b901c96b0f6a4c8de38eb5b94155211b",1787192912966,17,"tf3_59_M_ss2.jpeg","tf3_59_T3_ss2_pd.jpeg",398,0
"b901c96b0f6a4c8de38eb5b94155211b",1787192914614,18,"tf1_72_M_ss2.jpeg","tf1_72_T4_ss2_pd.jpeg",345,0
"b901c96b0f6a4c8de38eb5b94155211b",1787192916237,19,"tf1_74_M_ss1.jpeg","tf1_74_T4_ss1_pd.jpeg",322,0
"b901c96b0f6a4c8de38eb5b94155211b",1787192917870,20,"tf2_42_M_ss1.jpeg","tf2_42_T3_ss1_pd.jpeg",331,0
"b901c96b0f6a4c8de38eb5b94155211b",1787192919518,21,"tf3_66_M_ss3.jpeg","tf3_66_T1_ss3_pd.jpeg",346,1
"b901c96b0f6a4c8de38eb5b94155211b",1787192921181,22,"tf1_80_M_ss1.jpeg","tf1_80_T2_ss1_pd.jpeg",306,0
"b901c96b0f6a4c8de38eb5b94155211b",1787192922807,23,"tf3_35_M_ss2.jpeg","tf3_35_T2_ss2_pd.jpeg",323,0
"b901c96b0f6a4c8de38eb5b94155211b",1787192924453,24,"tf3_78_M_ss3.jpeg","tf3_78_T4_ss3_pd.jpeg",265,0
"b901c96b0f6a4c8de38eb5b94155211b",1787192926109,25,"tf2_63_M_ss1.jpeg","tf2_63_T2_ss1_pd.jpeg",304,0
"b901c96b0f6a4c8de38eb5b94155211b",1787192927710,26,"tf2_45_M_ss1.jpeg","tf2_45_T3_ss1_pd.jpeg",230,0
"b901c96b0f6a4c8de38eb5b94155211b",1787192929309,27,"tf2_30_M_ss1.jpeg","tf2_30_T2_ss1_pd.jpeg",225,0
"b901c96b0f6a4c8de38eb5b94155211b",1787192930845,28,"tf3_44_M_ss2.jpeg","tf3_44_T3_ss2_pd.jpeg",234,0
"b901c96b0f6a4c8de38eb5b94155211b",1787192932470,29,"tf2_36_M_ss1.jpeg","tf2_36_T4_ss1_pd.jpeg",254,0
"b901c96b0f6a4c8de38eb5b94155211b",1787192934149,30,"tf2_29_M_ss3.jpeg","tf2_29_T3_ss3_pd.jpeg",330,0
"b86497ce446e5abc0d8b9506a4c47dff",1787198444420,1,"tf3_33_M_ss3.jpeg",NA,30000,0
"b86497ce446e5abc0d8b9506a4c47dff",1787198453530,2,"tf2_2_M_ss3.jpeg","tf2_2_T1_ss3_pd.jpeg",7803,1
"b86497ce446e5abc0d8b9506a4c47dff",1787198462159,3,"tf3_3_M_ss3.jpeg","tf3_3_T1_ss3_pd.jpeg",7318,1
"b86497ce446e5abc0d8b9506a4c47dff",1787198468027,4,"tf2_41_M_ss3.jpeg","tf2_41_T1_ss3_pd.jpeg",4560,1
"b86497ce446e5abc0d8b9506a4c47dff",1787198473628,5,"tf1_1_M_ss3.jpeg","tf1_1_T1_ss3_pd.jpeg",4292,1
"b86497ce446e5abc0d8b9506a4c47dff",1787198480583,6,"tf1_57_M_ss2.jpeg","tf1_57_T1_ss2_pd.jpeg",5647,1
"b86497ce446e5abc0d8b9506a4c47dff",1787198509193,7,"tf3_78_M_ss3.jpeg","tf3_78_T1_ss3_pd.jpeg",27298,1
"b86497ce446e5abc0d8b9506a4c47dff",1787198540504,8,"tf2_63_M_ss1.jpeg",NA,30000,0
"b86497ce446e5abc0d8b9506a4c47dff",1787198571795,9,"tf1_72_M_ss2.jpeg","tf1_72_T1_ss2_pd.jpeg",29976,1
"b86497ce446e5abc0d8b9506a4c47dff",1787198603105,10,"tf3_66_M_ss3.jpeg",NA,30000,0
"b86497ce446e5abc0d8b9506a4c47dff",1787198615259,11,"tf2_24_M_ss1.jpeg","tf2_24_T1_ss1_pd.jpeg",10848,1
"b86497ce446e5abc0d8b9506a4c47dff",1787198631377,12,"tf2_30_M_ss1.jpeg","tf2_30_T4_ss1_pd.jpeg",14809,0
"b86497ce446e5abc0d8b9506a4c47dff",1787198651844,13,"tf1_80_M_ss1.jpeg","tf1_80_T1_ss1_pd.jpeg",19160,1
"b86497ce446e5abc0d8b9506a4c47dff",1787198682395,14,"tf1_74_M_ss1.jpeg","tf1_74_T1_ss1_pd.jpeg",29244,1
"b86497ce446e5abc0d8b9506a4c47dff",1787198702027,15,"tf3_17_M_ss2.jpeg","tf3_17_T1_ss2_pd.jpeg",18321,1
"b86497ce446e5abc0d8b9506a4c47dff",1787198730577,16,"tf3_75_M_ss3.jpeg","tf3_75_T1_ss3_pd.jpeg",27244,1
"b86497ce446e5abc0d8b9506a4c47dff",1787198761886,17,"tf2_58_M_ss2.jpeg",NA,30000,0
"b86497ce446e5abc0d8b9506a4c47dff",1787198789110,18,"tf3_44_M_ss2.jpeg","tf3_44_T1_ss2_pd.jpeg",25912,1
"b86497ce446e5abc0d8b9506a4c47dff",1787198809295,19,"tf2_45_M_ss1.jpeg","tf2_45_T1_ss1_pd.jpeg",18879,1
"b86497ce446e5abc0d8b9506a4c47dff",1787198832610,20,"tf2_36_M_ss1.jpeg","tf2_36_T1_ss1_pd.jpeg",22009,1
"b86497ce446e5abc0d8b9506a4c47dff",1787198857292,21,"tf2_76_M_ss2.jpeg","tf2_76_T1_ss2_pd.jpeg",23374,1
"b86497ce446e5abc0d8b9506a4c47dff",1787198888596,22,"tf1_64_M_ss3.jpeg",NA,30000,0
"b86497ce446e5abc0d8b9506a4c47dff",1787198897910,23,"tf2_46_M_ss2.jpeg","tf2_46_T1_ss2_pd.jpeg",8004,1
"b86497ce446e5abc0d8b9506a4c47dff",1787198929218,24,"tf2_29_M_ss3.jpeg",NA,30000,0
"b86497ce446e5abc0d8b9506a4c47dff",1787198948560,25,"tf3_59_M_ss2.jpeg","tf3_59_T1_ss2_pd.jpeg",18033,1
"b86497ce446e5abc0d8b9506a4c47dff",1787198962944,26,"tf2_52_M_ss2.jpeg","tf2_52_T1_ss2_pd.jpeg",13074,1
"b86497ce446e5abc0d8b9506a4c47dff",1787198992709,27,"tf3_21_M_ss3.jpeg","tf3_21_T1_ss3_pd.jpeg",28457,1
"b86497ce446e5abc0d8b9506a4c47dff",1787199008794,28,"tf2_42_M_ss1.jpeg","tf2_42_T1_ss1_pd.jpeg",14776,1
"b86497ce446e5abc0d8b9506a4c47dff",1787199038692,29,"tf3_35_M_ss2.jpeg","tf3_35_T1_ss2_pd.jpeg",28590,1
"b86497ce446e5abc0d8b9506a4c47dff",1787199062860,30,"tf1_55_M_ss3.jpeg","tf1_55_T1_ss3_pd.jpeg",22863,1
"62bc3f66ae0802b3cfd4448b694acabd",1787200781913,1,"tf3_3_M_ss3.jpeg","tf3_3_T1_ss3_pd.jpeg",2108,1
"62bc3f66ae0802b3cfd4448b694acabd",1787200794743,2,"tf2_41_M_ss3.jpeg","tf2_41_T1_ss3_pd.jpeg",11523,1
"62bc3f66ae0802b3cfd4448b694acabd",1787200802957,3,"tf1_57_M_ss2.jpeg","tf1_57_T1_ss2_pd.jpeg",6904,1
"62bc3f66ae0802b3cfd4448b694acabd",1787200808458,4,"tf1_1_M_ss3.jpeg","tf1_1_T1_ss3_pd.jpeg",4190,1
"62bc3f66ae0802b3cfd4448b694acabd",1787200817008,5,"tf2_2_M_ss3.jpeg","tf2_2_T1_ss3_pd.jpeg",7240,1
"62bc3f66ae0802b3cfd4448b694acabd",1787200844673,6,"tf3_33_M_ss3.jpeg","tf3_33_T2_ss3_pd.jpeg",26355,0
"62bc3f66ae0802b3cfd4448b694acabd",1787200861188,7,"tf1_80_M_ss1.jpeg","tf1_80_T1_ss1_pd.jpeg",15206,1
"62bc3f66ae0802b3cfd4448b694acabd",1787200884071,8,"tf1_74_M_ss1.jpeg","tf1_74_T1_ss1_pd.jpeg",21573,1
"62bc3f66ae0802b3cfd4448b694acabd",1787200908119,9,"tf2_36_M_ss1.jpeg","tf2_36_T1_ss1_pd.jpeg",22738,1
"62bc3f66ae0802b3cfd4448b694acabd",1787200920502,10,"tf2_42_M_ss1.jpeg","tf2_42_T1_ss1_pd.jpeg",11072,1
"62bc3f66ae0802b3cfd4448b694acabd",1787200942151,11,"tf2_45_M_ss1.jpeg","tf2_45_T1_ss1_pd.jpeg",20341,1
"62bc3f66ae0802b3cfd4448b694acabd",1787200968267,12,"tf1_72_M_ss2.jpeg","tf1_72_T1_ss2_pd.jpeg",24805,1
"62bc3f66ae0802b3cfd4448b694acabd",1787200986613,13,"tf3_59_M_ss2.jpeg","tf3_59_T1_ss2_pd.jpeg",17035,1
"62bc3f66ae0802b3cfd4448b694acabd",1787201002182,14,"tf2_76_M_ss2.jpeg","tf2_76_T1_ss2_pd.jpeg",14264,1
"62bc3f66ae0802b3cfd4448b694acabd",1787201014097,15,"tf3_17_M_ss2.jpeg","tf3_17_T1_ss2_pd.jpeg",10597,1
"62bc3f66ae0802b3cfd4448b694acabd",1787201026413,16,"tf3_44_M_ss2.jpeg","tf3_44_T1_ss2_pd.jpeg",11005,1
"62bc3f66ae0802b3cfd4448b694acabd",1787201048046,17,"tf2_63_M_ss1.jpeg","tf2_63_T1_ss1_pd.jpeg",20323,1
"62bc3f66ae0802b3cfd4448b694acabd",1787201068645,18,"tf2_24_M_ss1.jpeg","tf2_24_T1_ss1_pd.jpeg",19289,1
"62bc3f66ae0802b3cfd4448b694acabd",1787201078761,19,"tf2_52_M_ss2.jpeg","tf2_52_T1_ss2_pd.jpeg",8806,1
"62bc3f66ae0802b3cfd4448b694acabd",1787201097443,20,"tf1_55_M_ss3.jpeg","tf1_55_T1_ss3_pd.jpeg",17372,1
"62bc3f66ae0802b3cfd4448b694acabd",1787201111627,21,"tf2_30_M_ss1.jpeg","tf2_30_T1_ss1_pd.jpeg",12874,1
"62bc3f66ae0802b3cfd4448b694acabd",1787201127425,22,"tf3_35_M_ss2.jpeg","tf3_35_T1_ss2_pd.jpeg",14489,1
"62bc3f66ae0802b3cfd4448b694acabd",1787201149024,23,"tf2_46_M_ss2.jpeg","tf2_46_T1_ss2_pd.jpeg",20289,1
"62bc3f66ae0802b3cfd4448b694acabd",1787201170439,24,"tf1_64_M_ss3.jpeg","tf1_64_T1_ss3_pd.jpeg",20105,1
"62bc3f66ae0802b3cfd4448b694acabd",1787201200194,25,"tf2_58_M_ss2.jpeg","tf2_58_T2_ss2_md.jpeg",28440,0
"62bc3f66ae0802b3cfd4448b694acabd",1787201222937,26,"tf3_21_M_ss3.jpeg","tf3_21_T2_ss3_pd.jpeg",21434,0
"62bc3f66ae0802b3cfd4448b694acabd",1787201229073,27,"tf2_29_M_ss3.jpeg","tf2_29_T1_ss3_pd.jpeg",4825,1
"62bc3f66ae0802b3cfd4448b694acabd",1787201255735,28,"tf3_75_M_ss3.jpeg","tf3_75_T1_ss3_pd.jpeg",25352,1
"62bc3f66ae0802b3cfd4448b694acabd",1787201286384,29,"tf3_66_M_ss3.jpeg","tf3_66_T1_ss3_pd.jpeg",29339,1
"62bc3f66ae0802b3cfd4448b694acabd",1787201315716,30,"tf3_78_M_ss3.jpeg","tf3_78_T1_ss3_pd.jpeg",28022,1
"7af150704e1f6f5a1ef3af6e96e65bdb",1787201417604,1,"tf3_3_M_ss3.jpeg","tf3_3_T2_ss3_pd.jpeg",482,0
"7af150704e1f6f5a1ef3af6e96e65bdb",1787201419250,2,"tf2_41_M_ss3.jpeg","tf2_41_T1_ss3_pd.jpeg",343,1
"7af150704e1f6f5a1ef3af6e96e65bdb",1787201420879,3,"tf1_57_M_ss2.jpeg","tf1_57_T1_ss2_pd.jpeg",327,1
"7af150704e1f6f5a1ef3af6e96e65bdb",1787201423623,4,"tf2_2_M_ss3.jpeg","tf2_2_T1_ss3_pd.jpeg",1441,1
"7af150704e1f6f5a1ef3af6e96e65bdb",1787201425227,5,"tf3_33_M_ss3.jpeg","tf3_33_T2_ss3_pd.jpeg",300,0
"7af150704e1f6f5a1ef3af6e96e65bdb",1787201426841,6,"tf1_1_M_ss3.jpeg","tf1_1_T4_ss3_pd.jpeg",310,0
"7af150704e1f6f5a1ef3af6e96e65bdb",1787201428424,7,"tf1_64_M_ss3.jpeg","tf1_64_T1_ss3_pd.jpeg",280,1
"7af150704e1f6f5a1ef3af6e96e65bdb",1787201430029,8,"tf2_30_M_ss1.jpeg","tf2_30_T2_ss1_pd.jpeg",302,0
"7af150704e1f6f5a1ef3af6e96e65bdb",1787201431655,9,"tf3_21_M_ss3.jpeg","tf3_21_T2_ss3_pd.jpeg",322,0
"7af150704e1f6f5a1ef3af6e96e65bdb",1787201433229,10,"tf1_72_M_ss2.jpeg","tf1_72_T1_ss2_pd.jpeg",270,1
"7af150704e1f6f5a1ef3af6e96e65bdb",1787201434889,11,"tf1_55_M_ss3.jpeg","tf1_55_T4_ss3_pd.jpeg",356,0
"7af150704e1f6f5a1ef3af6e96e65bdb",1787201436750,12,"tf2_36_M_ss1.jpeg","tf2_36_T3_ss1_pd.jpeg",557,0
"7af150704e1f6f5a1ef3af6e96e65bdb",1787201438138,13,"tf2_46_M_ss2.jpeg","tf2_46_T4_ss2_pd.jpeg",85,0
"7af150704e1f6f5a1ef3af6e96e65bdb",1787201439726,14,"tf1_74_M_ss1.jpeg","tf1_74_T3_ss1_pd.jpeg",285,0
"7af150704e1f6f5a1ef3af6e96e65bdb",1787201441116,15,"tf2_45_M_ss1.jpeg","tf2_45_T1_ss1_pd.jpeg",86,1
"7af150704e1f6f5a1ef3af6e96e65bdb",1787201442550,16,"tf3_44_M_ss2.jpeg","tf3_44_T4_ss2_pd.jpeg",129,0
"7af150704e1f6f5a1ef3af6e96e65bdb",1787201444041,17,"tf2_63_M_ss1.jpeg","tf2_63_T3_ss1_pd.jpeg",187,0
"7af150704e1f6f5a1ef3af6e96e65bdb",1787201445586,18,"tf1_80_M_ss1.jpeg","tf1_80_T3_ss1_pd.jpeg",241,0
"7af150704e1f6f5a1ef3af6e96e65bdb",1787201447244,19,"tf3_59_M_ss2.jpeg","tf3_59_T4_ss2_pd.jpeg",354,0
"7af150704e1f6f5a1ef3af6e96e65bdb",1787201448880,20,"tf2_42_M_ss1.jpeg","tf2_42_T1_ss1_pd.jpeg",333,1
"7af150704e1f6f5a1ef3af6e96e65bdb",1787201450570,21,"tf3_35_M_ss2.jpeg","tf3_35_T1_ss2_pd.jpeg",386,1
"7af150704e1f6f5a1ef3af6e96e65bdb",1787201452419,22,"tf3_75_M_ss3.jpeg","tf3_75_T2_ss3_pd.jpeg",544,0
"7af150704e1f6f5a1ef3af6e96e65bdb",1787201454490,23,"tf2_52_M_ss2.jpeg","tf2_52_T4_ss2_pd.jpeg",767,0
"7af150704e1f6f5a1ef3af6e96e65bdb",1787201456058,24,"tf3_66_M_ss3.jpeg","tf3_66_T3_ss3_pd.jpeg",264,0
"7af150704e1f6f5a1ef3af6e96e65bdb",1787201457618,25,"tf3_17_M_ss2.jpeg","tf3_17_T1_ss2_pd.jpeg",256,1
"7af150704e1f6f5a1ef3af6e96e65bdb",1787201459217,26,"tf2_29_M_ss3.jpeg","tf2_29_T2_ss3_pd.jpeg",296,0
"7af150704e1f6f5a1ef3af6e96e65bdb",1787201460701,27,"tf2_58_M_ss2.jpeg","tf2_58_T1_ss2_md.jpeg",180,1
"7af150704e1f6f5a1ef3af6e96e65bdb",1787201462267,28,"tf3_78_M_ss3.jpeg","tf3_78_T3_ss3_pd.jpeg",263,0
"7af150704e1f6f5a1ef3af6e96e65bdb",1787201463656,29,"tf2_24_M_ss1.jpeg","tf2_24_T2_ss1_pd.jpeg",86,0
"7af150704e1f6f5a1ef3af6e96e65bdb",1787201465360,30,"tf2_76_M_ss2.jpeg","tf2_76_T2_ss2_pd.jpeg",401,0
"09fbed203dda6d136689ebe44282aa60",1787201558874,1,"tf2_41_M_ss3.jpeg","tf2_41_T2_ss3_pd.jpeg",3179,0
"09fbed203dda6d136689ebe44282aa60",1787201560484,2,"tf3_3_M_ss3.jpeg","tf3_3_T4_ss3_pd.jpeg",306,0
"09fbed203dda6d136689ebe44282aa60",1787201562322,3,"tf1_57_M_ss2.jpeg","tf1_57_T2_ss2_pd.jpeg",534,0
"09fbed203dda6d136689ebe44282aa60",1787201563904,4,"tf2_2_M_ss3.jpeg","tf2_2_T2_ss3_pd.jpeg",278,0
"09fbed203dda6d136689ebe44282aa60",1787201565495,5,"tf1_1_M_ss3.jpeg","tf1_1_T3_ss3_pd.jpeg",288,0
"09fbed203dda6d136689ebe44282aa60",1787201567012,6,"tf3_33_M_ss3.jpeg","tf3_33_T4_ss3_pd.jpeg",214,0
"09fbed203dda6d136689ebe44282aa60",1787201568593,7,"tf2_42_M_ss1.jpeg","tf2_42_T3_ss1_pd.jpeg",278,0
"09fbed203dda6d136689ebe44282aa60",1787201570138,8,"tf1_55_M_ss3.jpeg","tf1_55_T1_ss3_pd.jpeg",242,1
"09fbed203dda6d136689ebe44282aa60",1787201571616,9,"tf2_30_M_ss1.jpeg","tf2_30_T4_ss1_pd.jpeg",176,0
"09fbed203dda6d136689ebe44282aa60",1787201573169,10,"tf1_74_M_ss1.jpeg","tf1_74_T1_ss1_pd.jpeg",249,1
"09fbed203dda6d136689ebe44282aa60",1787201574564,11,"tf1_72_M_ss2.jpeg","tf1_72_T4_ss2_pd.jpeg",92,0
"09fbed203dda6d136689ebe44282aa60",1787201576006,12,"tf2_45_M_ss1.jpeg","tf2_45_T2_ss1_pd.jpeg",139,0
"09fbed203dda6d136689ebe44282aa60",1787201577393,13,"tf2_76_M_ss2.jpeg","tf2_76_T1_ss2_pd.jpeg",84,1
"09fbed203dda6d136689ebe44282aa60",1787201579058,14,"tf3_78_M_ss3.jpeg","tf3_78_T2_ss3_pd.jpeg",361,0
"09fbed203dda6d136689ebe44282aa60",1787201580595,15,"tf3_66_M_ss3.jpeg","tf3_66_T2_ss3_pd.jpeg",233,0
"09fbed203dda6d136689ebe44282aa60",1787201582169,16,"tf2_36_M_ss1.jpeg","tf2_36_T4_ss1_pd.jpeg",270,0
"09fbed203dda6d136689ebe44282aa60",1787201583888,17,"tf3_75_M_ss3.jpeg","tf3_75_T4_ss3_pd.jpeg",415,0
"09fbed203dda6d136689ebe44282aa60",1787201585583,18,"tf2_58_M_ss2.jpeg","tf2_58_T1_ss2_md.jpeg",391,1
"09fbed203dda6d136689ebe44282aa60",1787201616890,19,"tf3_44_M_ss2.jpeg",NA,30000,0
"09fbed203dda6d136689ebe44282aa60",1787201625569,20,"tf2_52_M_ss2.jpeg","tf2_52_T2_ss2_pd.jpeg",7377,0
"09fbed203dda6d136689ebe44282aa60",1787201627802,21,"tf3_21_M_ss3.jpeg","tf3_21_T3_ss3_pd.jpeg",931,0
"09fbed203dda6d136689ebe44282aa60",1787201629394,22,"tf2_63_M_ss1.jpeg","tf2_63_T3_ss1_pd.jpeg",288,0
"09fbed203dda6d136689ebe44282aa60",1787201631016,23,"tf3_17_M_ss2.jpeg","tf3_17_T2_ss2_pd.jpeg",320,0
"09fbed203dda6d136689ebe44282aa60",1787201632658,24,"tf2_29_M_ss3.jpeg","tf2_29_T1_ss3_pd.jpeg",340,1
"09fbed203dda6d136689ebe44282aa60",1787201634269,25,"tf2_46_M_ss2.jpeg","tf2_46_T1_ss2_pd.jpeg",307,1
"09fbed203dda6d136689ebe44282aa60",1787201636154,26,"tf1_80_M_ss1.jpeg","tf1_80_T3_ss1_pd.jpeg",581,0
"09fbed203dda6d136689ebe44282aa60",1787201637743,27,"tf2_24_M_ss1.jpeg","tf2_24_T4_ss1_pd.jpeg",286,0
"09fbed203dda6d136689ebe44282aa60",1787201639394,28,"tf1_64_M_ss3.jpeg","tf1_64_T4_ss3_pd.jpeg",347,0
"09fbed203dda6d136689ebe44282aa60",1787201640976,29,"tf3_35_M_ss2.jpeg","tf3_35_T2_ss2_pd.jpeg",279,0
"09fbed203dda6d136689ebe44282aa60",1787201643009,30,"tf3_59_M_ss2.jpeg","tf3_59_T4_ss2_pd.jpeg",730,0
"ff34e0c0248fafc2e0f8ecf44cab8f55",1787201751560,1,"tf2_2_M_ss3.jpeg","tf2_2_T3_ss3_pd.jpeg",935,0
"ff34e0c0248fafc2e0f8ecf44cab8f55",1787201753285,2,"tf3_33_M_ss3.jpeg","tf3_33_T2_ss3_pd.jpeg",421,0
"ff34e0c0248fafc2e0f8ecf44cab8f55",1787201754973,3,"tf1_57_M_ss2.jpeg","tf1_57_T1_ss2_pd.jpeg",385,1
"ff34e0c0248fafc2e0f8ecf44cab8f55",1787201756668,4,"tf3_3_M_ss3.jpeg","tf3_3_T4_ss3_pd.jpeg",394,0
"ff34e0c0248fafc2e0f8ecf44cab8f55",1787201758418,5,"tf2_41_M_ss3.jpeg","tf2_41_T4_ss3_pd.jpeg",447,0
"ff34e0c0248fafc2e0f8ecf44cab8f55",1787201760132,6,"tf1_1_M_ss3.jpeg","tf1_1_T4_ss3_pd.jpeg",411,0
"ff34e0c0248fafc2e0f8ecf44cab8f55",1787201761859,7,"tf3_59_M_ss2.jpeg","tf3_59_T4_ss2_pd.jpeg",424,0
"ff34e0c0248fafc2e0f8ecf44cab8f55",1787201763485,8,"tf2_63_M_ss1.jpeg","tf2_63_T4_ss1_pd.jpeg",323,0
"ff34e0c0248fafc2e0f8ecf44cab8f55",1787201764963,9,"tf2_29_M_ss3.jpeg","tf2_29_T2_ss3_pd.jpeg",176,0
"ff34e0c0248fafc2e0f8ecf44cab8f55",1787201766533,10,"tf2_58_M_ss2.jpeg","tf2_58_T1_ss2_md.jpeg",266,1
"ff34e0c0248fafc2e0f8ecf44cab8f55",1787201768062,11,"tf2_24_M_ss1.jpeg","tf2_24_T4_ss1_pd.jpeg",225,0
"ff34e0c0248fafc2e0f8ecf44cab8f55",1787201769502,12,"tf2_42_M_ss1.jpeg","tf2_42_T1_ss1_pd.jpeg",135,1
"ff34e0c0248fafc2e0f8ecf44cab8f55",1787201770958,13,"tf1_64_M_ss3.jpeg","tf1_64_T4_ss3_pd.jpeg",152,0
"ff34e0c0248fafc2e0f8ecf44cab8f55",1787201772653,14,"tf1_55_M_ss3.jpeg","tf1_55_T2_ss3_pd.jpeg",391,0
"ff34e0c0248fafc2e0f8ecf44cab8f55",1787201774258,15,"tf3_78_M_ss3.jpeg","tf3_78_T4_ss3_pd.jpeg",301,0
"ff34e0c0248fafc2e0f8ecf44cab8f55",1787201775727,16,"tf2_52_M_ss2.jpeg","tf2_52_T2_ss2_pd.jpeg",166,0
"ff34e0c0248fafc2e0f8ecf44cab8f55",1787201777175,17,"tf2_30_M_ss1.jpeg","tf2_30_T1_ss1_pd.jpeg",145,1
"ff34e0c0248fafc2e0f8ecf44cab8f55",1787201778670,18,"tf2_36_M_ss1.jpeg","tf2_36_T4_ss1_pd.jpeg",191,0
"ff34e0c0248fafc2e0f8ecf44cab8f55",1787201783168,19,"tf3_44_M_ss2.jpeg","tf3_44_T2_ss2_pd.jpeg",3195,0
"ff34e0c0248fafc2e0f8ecf44cab8f55",1787201787429,20,"tf3_21_M_ss3.jpeg","tf3_21_T4_ss3_pd.jpeg",2958,0
"ff34e0c0248fafc2e0f8ecf44cab8f55",1787201789627,21,"tf3_75_M_ss3.jpeg","tf3_75_T1_ss3_pd.jpeg",896,1
"ff34e0c0248fafc2e0f8ecf44cab8f55",1787201791293,22,"tf1_72_M_ss2.jpeg","tf1_72_T1_ss2_pd.jpeg",362,1
"ff34e0c0248fafc2e0f8ecf44cab8f55",1787201793229,23,"tf3_17_M_ss2.jpeg","tf3_17_T3_ss2_pd.jpeg",631,0
"ff34e0c0248fafc2e0f8ecf44cab8f55",1787201794812,24,"tf1_74_M_ss1.jpeg","tf1_74_T3_ss1_pd.jpeg",279,0
"ff34e0c0248fafc2e0f8ecf44cab8f55",1787201796402,25,"tf2_45_M_ss1.jpeg","tf2_45_T4_ss1_pd.jpeg",287,0
"ff34e0c0248fafc2e0f8ecf44cab8f55",1787201797992,26,"tf3_35_M_ss2.jpeg","tf3_35_T3_ss2_pd.jpeg",288,0
"ff34e0c0248fafc2e0f8ecf44cab8f55",1787201799522,27,"tf2_76_M_ss2.jpeg","tf2_76_T4_ss2_pd.jpeg",227,0
"ff34e0c0248fafc2e0f8ecf44cab8f55",1787201801164,28,"tf2_46_M_ss2.jpeg","tf2_46_T3_ss2_pd.jpeg",339,0
"ff34e0c0248fafc2e0f8ecf44cab8f55",1787201802740,29,"tf3_66_M_ss3.jpeg","tf3_66_T4_ss3_pd.jpeg",275,0
"ff34e0c0248fafc2e0f8ecf44cab8f55",1787201804308,30,"tf1_80_M_ss1.jpeg","tf1_80_T1_ss1_pd.jpeg",263,1
"45ca9c7c015eab825b2295ed5eff839f",1787213058854,1,"tf1_57_M_ss2.jpeg","tf1_57_T1_ss2_pd.jpeg",18052,1
"45ca9c7c015eab825b2295ed5eff839f",1787213067773,2,"tf3_33_M_ss3.jpeg","tf3_33_T1_ss3_pd.jpeg",7616,1
"45ca9c7c015eab825b2295ed5eff839f",1787213072827,3,"tf2_2_M_ss3.jpeg","tf2_2_T1_ss3_pd.jpeg",3752,1
"45ca9c7c015eab825b2295ed5eff839f",1787213104133,4,"tf1_1_M_ss3.jpeg",NA,30000,0
"45ca9c7c015eab825b2295ed5eff839f",1787213108963,5,"tf2_41_M_ss3.jpeg","tf2_41_T1_ss3_pd.jpeg",3527,1
"45ca9c7c015eab825b2295ed5eff839f",1787213113967,6,"tf3_3_M_ss3.jpeg","tf3_3_T1_ss3_pd.jpeg",3699,1
"45ca9c7c015eab825b2295ed5eff839f",1787213117290,7,"tf1_55_M_ss3.jpeg","tf1_55_T1_ss3_pd.jpeg",2017,1
"45ca9c7c015eab825b2295ed5eff839f",1787213121326,8,"tf2_30_M_ss1.jpeg","tf2_30_T1_ss1_pd.jpeg",2731,1
"45ca9c7c015eab825b2295ed5eff839f",1787213125188,9,"tf1_80_M_ss1.jpeg","tf1_80_T1_ss1_pd.jpeg",2557,1
"45ca9c7c015eab825b2295ed5eff839f",1787213127648,10,"tf2_45_M_ss1.jpeg","tf2_45_T2_ss1_pd.jpeg",1155,0
"45ca9c7c015eab825b2295ed5eff839f",1787213130017,11,"tf3_78_M_ss3.jpeg","tf3_78_T3_ss3_pd.jpeg",1064,0
"45ca9c7c015eab825b2295ed5eff839f",1787213132986,12,"tf1_72_M_ss2.jpeg","tf1_72_T2_ss2_pd.jpeg",1664,0
"45ca9c7c015eab825b2295ed5eff839f",1787213135330,13,"tf1_74_M_ss1.jpeg","tf1_74_T3_ss1_pd.jpeg",1040,0
"45ca9c7c015eab825b2295ed5eff839f",1787213138848,14,"tf2_76_M_ss2.jpeg","tf2_76_T4_ss2_pd.jpeg",2214,0
"45ca9c7c015eab825b2295ed5eff839f",1787213141184,15,"tf2_29_M_ss3.jpeg","tf2_29_T1_ss3_pd.jpeg",1032,1
"45ca9c7c015eab825b2295ed5eff839f",1787213143845,16,"tf3_35_M_ss2.jpeg","tf3_35_T1_ss2_pd.jpeg",1356,1
"45ca9c7c015eab825b2295ed5eff839f",1787213146105,17,"tf1_64_M_ss3.jpeg","tf1_64_T1_ss3_pd.jpeg",955,1
"45ca9c7c015eab825b2295ed5eff839f",1787213148507,18,"tf3_75_M_ss3.jpeg","tf3_75_T3_ss3_pd.jpeg",1096,0
"45ca9c7c015eab825b2295ed5eff839f",1787213150716,19,"tf3_21_M_ss3.jpeg","tf3_21_T2_ss3_pd.jpeg",905,0
"45ca9c7c015eab825b2295ed5eff839f",1787213152992,20,"tf2_42_M_ss1.jpeg","tf2_42_T3_ss1_pd.jpeg",972,0
"45ca9c7c015eab825b2295ed5eff839f",1787213155521,21,"tf2_46_M_ss2.jpeg","tf2_46_T1_ss2_pd.jpeg",1224,1
"45ca9c7c015eab825b2295ed5eff839f",1787213157772,22,"tf2_24_M_ss1.jpeg","tf2_24_T3_ss1_pd.jpeg",947,0
"45ca9c7c015eab825b2295ed5eff839f",1787213160116,23,"tf2_58_M_ss2.jpeg","tf2_58_T3_ss2_md.jpeg",1040,0
"45ca9c7c015eab825b2295ed5eff839f",1787213162710,24,"tf2_63_M_ss1.jpeg","tf2_63_T4_ss1_pd.jpeg",1290,0
"45ca9c7c015eab825b2295ed5eff839f",1787213164945,25,"tf3_66_M_ss3.jpeg","tf3_66_T4_ss3_pd.jpeg",930,0
"45ca9c7c015eab825b2295ed5eff839f",1787213167263,26,"tf3_17_M_ss2.jpeg","tf3_17_T1_ss2_pd.jpeg",1014,1
"45ca9c7c015eab825b2295ed5eff839f",1787213169807,27,"tf2_52_M_ss2.jpeg","tf2_52_T1_ss2_pd.jpeg",1240,1
"45ca9c7c015eab825b2295ed5eff839f",1787213172509,28,"tf2_36_M_ss1.jpeg","tf2_36_T3_ss1_pd.jpeg",1398,0
"45ca9c7c015eab825b2295ed5eff839f",1787213175070,29,"tf3_44_M_ss2.jpeg","tf3_44_T1_ss2_pd.jpeg",1257,1
"45ca9c7c015eab825b2295ed5eff839f",1787213177356,30,"tf3_59_M_ss2.jpeg","tf3_59_T2_ss2_pd.jpeg",981,0
"c6c0f4c92f824582a35e8dc5e6c0971b",1787210512115,1,"tf1_57_M_ss2.jpeg","tf1_57_T3_ss2_pd.jpeg",6058,0
"c6c0f4c92f824582a35e8dc5e6c0971b",1787210521075,2,"tf3_33_M_ss3.jpeg","tf3_33_T2_ss3_pd.jpeg",7650,0
"c6c0f4c92f824582a35e8dc5e6c0971b",1787210524121,3,"tf1_1_M_ss3.jpeg","tf1_1_T1_ss3_pd.jpeg",1736,1
"c6c0f4c92f824582a35e8dc5e6c0971b",1787210527316,4,"tf3_3_M_ss3.jpeg","tf3_3_T1_ss3_pd.jpeg",1885,1
"c6c0f4c92f824582a35e8dc5e6c0971b",1787210530445,5,"tf2_41_M_ss3.jpeg","tf2_41_T1_ss3_pd.jpeg",1819,1
"c6c0f4c92f824582a35e8dc5e6c0971b",1787210534273,6,"tf2_2_M_ss3.jpeg","tf2_2_T3_ss3_pd.jpeg",2518,0
"c6c0f4c92f824582a35e8dc5e6c0971b",1787210545740,7,"tf3_17_M_ss2.jpeg","tf3_17_T1_ss2_pd.jpeg",10157,1
"c6c0f4c92f824582a35e8dc5e6c0971b",1787210550498,8,"tf2_45_M_ss1.jpeg","tf2_45_T1_ss1_pd.jpeg",3449,1
"c6c0f4c92f824582a35e8dc5e6c0971b",1787210558702,9,"tf3_35_M_ss2.jpeg","tf3_35_T2_ss2_pd.jpeg",6894,0
"c6c0f4c92f824582a35e8dc5e6c0971b",1787210562047,10,"tf2_36_M_ss1.jpeg","tf2_36_T3_ss1_pd.jpeg",2034,0
"c6c0f4c92f824582a35e8dc5e6c0971b",1787210566041,11,"tf3_21_M_ss3.jpeg","tf3_21_T4_ss3_pd.jpeg",2684,0
"c6c0f4c92f824582a35e8dc5e6c0971b",1787210568886,12,"tf2_46_M_ss2.jpeg","tf2_46_T4_ss2_pd.jpeg",1535,0
"c6c0f4c92f824582a35e8dc5e6c0971b",1787210572580,13,"tf3_78_M_ss3.jpeg","tf3_78_T1_ss3_pd.jpeg",2384,1
"c6c0f4c92f824582a35e8dc5e6c0971b",1787210575259,14,"tf2_24_M_ss1.jpeg","tf2_24_T4_ss1_pd.jpeg",1368,0
"c6c0f4c92f824582a35e8dc5e6c0971b",1787210579571,15,"tf1_72_M_ss2.jpeg","tf1_72_T1_ss2_pd.jpeg",3002,1
"c6c0f4c92f824582a35e8dc5e6c0971b",1787210583746,16,"tf3_44_M_ss2.jpeg","tf3_44_T2_ss2_pd.jpeg",2864,0
"c6c0f4c92f824582a35e8dc5e6c0971b",1787210586342,17,"tf2_76_M_ss2.jpeg","tf2_76_T3_ss2_pd.jpeg",1285,0
"c6c0f4c92f824582a35e8dc5e6c0971b",1787210588606,18,"tf2_30_M_ss1.jpeg","tf2_30_T1_ss1_pd.jpeg",953,1
"c6c0f4c92f824582a35e8dc5e6c0971b",1787210590869,19,"tf3_59_M_ss2.jpeg","tf3_59_T3_ss2_pd.jpeg",954,0
"c6c0f4c92f824582a35e8dc5e6c0971b",1787210604299,20,"tf2_58_M_ss2.jpeg","tf2_58_T1_ss2_md.jpeg",12120,1
"c6c0f4c92f824582a35e8dc5e6c0971b",1787210615582,21,"tf1_80_M_ss1.jpeg","tf1_80_T2_ss1_pd.jpeg",9974,0
"c6c0f4c92f824582a35e8dc5e6c0971b",1787210618378,22,"tf3_66_M_ss3.jpeg","tf3_66_T4_ss3_pd.jpeg",1485,0
"c6c0f4c92f824582a35e8dc5e6c0971b",1787210620924,23,"tf2_52_M_ss2.jpeg","tf2_52_T2_ss2_pd.jpeg",1235,0
"c6c0f4c92f824582a35e8dc5e6c0971b",1787210623237,24,"tf1_64_M_ss3.jpeg","tf1_64_T2_ss3_pd.jpeg",1002,0
"c6c0f4c92f824582a35e8dc5e6c0971b",1787210625484,25,"tf2_42_M_ss1.jpeg","tf2_42_T4_ss1_pd.jpeg",937,0
"c6c0f4c92f824582a35e8dc5e6c0971b",1787210627780,26,"tf2_29_M_ss3.jpeg","tf2_29_T2_ss3_pd.jpeg",985,0
"c6c0f4c92f824582a35e8dc5e6c0971b",1787210630193,27,"tf1_55_M_ss3.jpeg","tf1_55_T2_ss3_pd.jpeg",1104,0
"c6c0f4c92f824582a35e8dc5e6c0971b",1787210632568,28,"tf3_75_M_ss3.jpeg","tf3_75_T2_ss3_pd.jpeg",1064,0
"c6c0f4c92f824582a35e8dc5e6c0971b",1787210634886,29,"tf2_63_M_ss1.jpeg","tf2_63_T2_ss1_pd.jpeg",1012,0
"c6c0f4c92f824582a35e8dc5e6c0971b",1787210637249,30,"tf1_74_M_ss1.jpeg","tf1_74_T2_ss1_pd.jpeg",1053,0
"d43ee3754c82561a12d045ac56f64a79",1787214623395,1,"tf3_33_M_ss3.jpeg",NA,30000,0
"d43ee3754c82561a12d045ac56f64a79",1787214634612,2,"tf2_41_M_ss3.jpeg","tf2_41_T1_ss3_pd.jpeg",9914,1
"d43ee3754c82561a12d045ac56f64a79",1787214639157,3,"tf1_1_M_ss3.jpeg","tf1_1_T1_ss3_pd.jpeg",3241,1
"d43ee3754c82561a12d045ac56f64a79",1787214655002,4,"tf1_57_M_ss2.jpeg","tf1_57_T1_ss2_pd.jpeg",14541,1
"d43ee3754c82561a12d045ac56f64a79",1787214660037,5,"tf3_3_M_ss3.jpeg","tf3_3_T1_ss3_pd.jpeg",3731,1
"d43ee3754c82561a12d045ac56f64a79",1787214667186,6,"tf2_2_M_ss3.jpeg","tf2_2_T1_ss3_pd.jpeg",5846,1
"d43ee3754c82561a12d045ac56f64a79",1787214696218,7,"tf2_76_M_ss2.jpeg","tf2_76_T4_ss2_pd.jpeg",27728,0
"d43ee3754c82561a12d045ac56f64a79",1787214726073,8,"tf3_21_M_ss3.jpeg","tf3_21_T1_ss3_pd.jpeg",28552,1
"d43ee3754c82561a12d045ac56f64a79",1787214756119,9,"tf2_46_M_ss2.jpeg","tf2_46_T4_ss2_pd.jpeg",28742,0
"d43ee3754c82561a12d045ac56f64a79",1787214777998,10,"tf2_52_M_ss2.jpeg","tf2_52_T3_ss2_pd.jpeg",20575,0
"d43ee3754c82561a12d045ac56f64a79",1787214806203,11,"tf3_78_M_ss3.jpeg","tf3_78_T4_ss3_pd.jpeg",26901,0
"d43ee3754c82561a12d045ac56f64a79",1787214832501,12,"tf2_36_M_ss1.jpeg","tf2_36_T1_ss1_pd.jpeg",24996,1
"d43ee3754c82561a12d045ac56f64a79",1787214861814,13,"tf1_72_M_ss2.jpeg","tf1_72_T2_ss2_pd.jpeg",28008,0
"d43ee3754c82561a12d045ac56f64a79",1787214881495,14,"tf3_59_M_ss2.jpeg","tf3_59_T1_ss2_pd.jpeg",18379,1
"d43ee3754c82561a12d045ac56f64a79",1787214910452,15,"tf2_29_M_ss3.jpeg","tf2_29_T4_ss3_pd.jpeg",27654,0
"d43ee3754c82561a12d045ac56f64a79",1787214918794,16,"tf2_42_M_ss1.jpeg","tf2_42_T1_ss1_pd.jpeg",7039,1
"d43ee3754c82561a12d045ac56f64a79",1787214937415,17,"tf3_17_M_ss2.jpeg","tf3_17_T1_ss2_pd.jpeg",17318,1
"d43ee3754c82561a12d045ac56f64a79",1787214956857,18,"tf2_58_M_ss2.jpeg","tf2_58_T1_ss2_md.jpeg",18138,1
"d43ee3754c82561a12d045ac56f64a79",1787214978761,19,"tf3_75_M_ss3.jpeg","tf3_75_T1_ss3_pd.jpeg",20603,1
"d43ee3754c82561a12d045ac56f64a79",1787214996041,20,"tf2_24_M_ss1.jpeg","tf2_24_T1_ss1_pd.jpeg",15976,1
"d43ee3754c82561a12d045ac56f64a79",1787215006989,21,"tf1_74_M_ss1.jpeg","tf1_74_T1_ss1_pd.jpeg",9645,1
"d43ee3754c82561a12d045ac56f64a79",1787215037756,22,"tf3_35_M_ss2.jpeg","tf3_35_T2_ss2_pd.jpeg",29463,0
"d43ee3754c82561a12d045ac56f64a79",1787215067478,23,"tf3_66_M_ss3.jpeg","tf3_66_T4_ss3_pd.jpeg",28419,0
"d43ee3754c82561a12d045ac56f64a79",1787215096516,24,"tf3_44_M_ss2.jpeg","tf3_44_T4_ss2_pd.jpeg",27735,0
"d43ee3754c82561a12d045ac56f64a79",1787215108160,25,"tf2_30_M_ss1.jpeg","tf2_30_T1_ss1_pd.jpeg",10341,1
"d43ee3754c82561a12d045ac56f64a79",1787215125756,26,"tf1_80_M_ss1.jpeg","tf1_80_T1_ss1_pd.jpeg",16292,1
"d43ee3754c82561a12d045ac56f64a79",1787215157062,27,"tf1_55_M_ss3.jpeg",NA,30000,0
"d43ee3754c82561a12d045ac56f64a79",1787215174552,28,"tf2_63_M_ss1.jpeg","tf2_63_T1_ss1_pd.jpeg",16186,1
"d43ee3754c82561a12d045ac56f64a79",1787215202851,29,"tf1_64_M_ss3.jpeg","tf1_64_T2_ss3_pd.jpeg",26995,0
"d43ee3754c82561a12d045ac56f64a79",1787215218807,30,"tf2_45_M_ss1.jpeg","tf2_45_T1_ss1_pd.jpeg",14651,1
"414bd65c70a771d8ca1cad24ffc03cde",1787215446722,1,"tf1_57_M_ss2.jpeg","tf1_57_T1_ss2_pd.jpeg",15054,1
"414bd65c70a771d8ca1cad24ffc03cde",1787215451319,2,"tf3_3_M_ss3.jpeg","tf3_3_T1_ss3_pd.jpeg",3273,1
"414bd65c70a771d8ca1cad24ffc03cde",1787215456247,3,"tf2_2_M_ss3.jpeg","tf2_2_T1_ss3_pd.jpeg",3599,1
"414bd65c70a771d8ca1cad24ffc03cde",1787215463642,4,"tf2_41_M_ss3.jpeg","tf2_41_T1_ss3_pd.jpeg",6093,1
"414bd65c70a771d8ca1cad24ffc03cde",1787215481507,5,"tf3_33_M_ss3.jpeg","tf3_33_T1_ss3_pd.jpeg",16545,1
"414bd65c70a771d8ca1cad24ffc03cde",1787215485392,6,"tf1_1_M_ss3.jpeg","tf1_1_T1_ss3_pd.jpeg",2582,1
"414bd65c70a771d8ca1cad24ffc03cde",1787215498540,7,"tf2_24_M_ss1.jpeg","tf2_24_T1_ss1_pd.jpeg",11826,1
"414bd65c70a771d8ca1cad24ffc03cde",1787215511013,8,"tf1_80_M_ss1.jpeg","tf1_80_T1_ss1_pd.jpeg",11158,1
"414bd65c70a771d8ca1cad24ffc03cde",1787215530541,9,"tf2_29_M_ss3.jpeg","tf2_29_T1_ss3_pd.jpeg",18226,1
"414bd65c70a771d8ca1cad24ffc03cde",1787215542394,10,"tf2_52_M_ss2.jpeg","tf2_52_T1_ss2_pd.jpeg",10533,1
"414bd65c70a771d8ca1cad24ffc03cde",1787215556058,11,"tf2_42_M_ss1.jpeg","tf2_42_T1_ss1_pd.jpeg",12353,1
"414bd65c70a771d8ca1cad24ffc03cde",1787215582991,12,"tf1_64_M_ss3.jpeg","tf1_64_T1_ss3_pd.jpeg",25622,1
"414bd65c70a771d8ca1cad24ffc03cde",1787215594662,13,"tf2_76_M_ss2.jpeg","tf2_76_T1_ss2_pd.jpeg",10354,1
"414bd65c70a771d8ca1cad24ffc03cde",1787215623208,14,"tf2_36_M_ss1.jpeg","tf2_36_T1_ss1_pd.jpeg",27236,1
"414bd65c70a771d8ca1cad24ffc03cde",1787215652811,15,"tf3_78_M_ss3.jpeg","tf3_78_T2_ss3_pd.jpeg",28283,0
"414bd65c70a771d8ca1cad24ffc03cde",1787215676421,16,"tf3_44_M_ss2.jpeg","tf3_44_T1_ss2_pd.jpeg",22306,1
"414bd65c70a771d8ca1cad24ffc03cde",1787215690671,17,"tf3_59_M_ss2.jpeg","tf3_59_T1_ss2_pd.jpeg",12931,1
"414bd65c70a771d8ca1cad24ffc03cde",1787215703992,18,"tf2_63_M_ss1.jpeg","tf2_63_T1_ss1_pd.jpeg",12006,1
"414bd65c70a771d8ca1cad24ffc03cde",1787215726575,19,"tf3_17_M_ss2.jpeg","tf3_17_T1_ss2_pd.jpeg",21271,1
"414bd65c70a771d8ca1cad24ffc03cde",1787215756269,20,"tf2_30_M_ss1.jpeg","tf2_30_T1_ss1_pd.jpeg",28378,1
"414bd65c70a771d8ca1cad24ffc03cde",1787215769115,21,"tf2_46_M_ss2.jpeg","tf2_46_T1_ss2_pd.jpeg",11526,1
"414bd65c70a771d8ca1cad24ffc03cde",1787215797541,22,"tf3_66_M_ss3.jpeg","tf3_66_T1_ss3_pd.jpeg",27111,1
"414bd65c70a771d8ca1cad24ffc03cde",1787215824325,23,"tf1_74_M_ss1.jpeg","tf1_74_T2_ss1_pd.jpeg",25475,0
"414bd65c70a771d8ca1cad24ffc03cde",1787215847544,24,"tf2_58_M_ss2.jpeg","tf2_58_T1_ss2_md.jpeg",21903,1
"414bd65c70a771d8ca1cad24ffc03cde",1787215865501,25,"tf2_45_M_ss1.jpeg","tf2_45_T1_ss1_pd.jpeg",16639,1
"414bd65c70a771d8ca1cad24ffc03cde",1787215884236,26,"tf1_55_M_ss3.jpeg","tf1_55_T1_ss3_pd.jpeg",17416,1
"414bd65c70a771d8ca1cad24ffc03cde",1787215893018,27,"tf3_35_M_ss2.jpeg","tf3_35_T1_ss2_pd.jpeg",7477,1
"414bd65c70a771d8ca1cad24ffc03cde",1787215920605,28,"tf3_75_M_ss3.jpeg","tf3_75_T1_ss3_pd.jpeg",26259,1
"414bd65c70a771d8ca1cad24ffc03cde",1787215945795,29,"tf1_72_M_ss2.jpeg","tf1_72_T1_ss2_pd.jpeg",23877,1
"414bd65c70a771d8ca1cad24ffc03cde",1787215966056,30,"tf3_21_M_ss3.jpeg","tf3_21_T1_ss3_pd.jpeg",18928,1
"7f8bfb0667b92854c5fa0bab41571cdf",1787214794301,1,"tf2_41_M_ss3.jpeg","tf2_41_T1_ss3_pd.jpeg",7896,1
"7f8bfb0667b92854c5fa0bab41571cdf",1787214802219,2,"tf2_2_M_ss3.jpeg","tf2_2_T1_ss3_pd.jpeg",6607,1
"7f8bfb0667b92854c5fa0bab41571cdf",1787214813603,3,"tf3_33_M_ss3.jpeg","tf3_33_T1_ss3_pd.jpeg",10066,1
"7f8bfb0667b92854c5fa0bab41571cdf",1787214819354,4,"tf1_1_M_ss3.jpeg","tf1_1_T1_ss3_pd.jpeg",4433,1
"7f8bfb0667b92854c5fa0bab41571cdf",1787214825370,5,"tf3_3_M_ss3.jpeg","tf3_3_T1_ss3_pd.jpeg",4697,1
"7f8bfb0667b92854c5fa0bab41571cdf",1787214847882,6,"tf1_57_M_ss2.jpeg","tf1_57_T1_ss2_pd.jpeg",21198,1
"7f8bfb0667b92854c5fa0bab41571cdf",1787214877258,7,"tf2_36_M_ss1.jpeg","tf2_36_T1_ss1_pd.jpeg",28068,1
"7f8bfb0667b92854c5fa0bab41571cdf",1787214892706,8,"tf1_80_M_ss1.jpeg","tf1_80_T1_ss1_pd.jpeg",14144,1
"7f8bfb0667b92854c5fa0bab41571cdf",1787214922426,9,"tf3_78_M_ss3.jpeg","tf3_78_T1_ss3_pd.jpeg",28411,1
"7f8bfb0667b92854c5fa0bab41571cdf",1787214939914,10,"tf3_59_M_ss2.jpeg","tf3_59_T1_ss2_pd.jpeg",16165,1
"7f8bfb0667b92854c5fa0bab41571cdf",1787214953450,11,"tf2_52_M_ss2.jpeg","tf2_52_T1_ss2_pd.jpeg",12226,1
"7f8bfb0667b92854c5fa0bab41571cdf",1787214982906,12,"tf2_58_M_ss2.jpeg","tf2_58_T1_ss2_md.jpeg",28147,1
"7f8bfb0667b92854c5fa0bab41571cdf",1787215012865,13,"tf2_46_M_ss2.jpeg","tf2_46_T2_ss2_pd.jpeg",28633,0
"7f8bfb0667b92854c5fa0bab41571cdf",1787215042449,14,"tf3_21_M_ss3.jpeg","tf3_21_T1_ss3_pd.jpeg",28263,1
"7f8bfb0667b92854c5fa0bab41571cdf",1787215051202,15,"tf2_63_M_ss1.jpeg","tf2_63_T1_ss1_pd.jpeg",7442,1
"7f8bfb0667b92854c5fa0bab41571cdf",1787215076297,16,"tf3_66_M_ss3.jpeg","tf3_66_T1_ss3_pd.jpeg",23785,1
"7f8bfb0667b92854c5fa0bab41571cdf",1787215089419,17,"tf2_76_M_ss2.jpeg","tf2_76_T1_ss2_pd.jpeg",11814,1
"7f8bfb0667b92854c5fa0bab41571cdf",1787215106883,18,"tf2_30_M_ss1.jpeg","tf2_30_T1_ss1_pd.jpeg",16151,1
"7f8bfb0667b92854c5fa0bab41571cdf",1787215127356,19,"tf2_45_M_ss1.jpeg","tf2_45_T1_ss1_pd.jpeg",19163,1
"7f8bfb0667b92854c5fa0bab41571cdf",1787215143763,20,"tf1_72_M_ss2.jpeg","tf1_72_T1_ss2_pd.jpeg",15090,1
"7f8bfb0667b92854c5fa0bab41571cdf",1787215166009,21,"tf2_24_M_ss1.jpeg","tf2_24_T1_ss1_pd.jpeg",20937,1
"7f8bfb0667b92854c5fa0bab41571cdf",1787215193793,22,"tf3_17_M_ss2.jpeg","tf3_17_T1_ss2_pd.jpeg",26467,1
"7f8bfb0667b92854c5fa0bab41571cdf",1787215223297,23,"tf3_35_M_ss2.jpeg","tf3_35_T1_ss2_pd.jpeg",28199,1
"7f8bfb0667b92854c5fa0bab41571cdf",1787215236410,24,"tf2_42_M_ss1.jpeg","tf2_42_T1_ss1_pd.jpeg",11792,1
"7f8bfb0667b92854c5fa0bab41571cdf",1787215254363,25,"tf3_75_M_ss3.jpeg","tf3_75_T1_ss3_pd.jpeg",16637,1
"7f8bfb0667b92854c5fa0bab41571cdf",1787215283458,26,"tf1_74_M_ss1.jpeg","tf1_74_T2_ss1_pd.jpeg",27789,0
"7f8bfb0667b92854c5fa0bab41571cdf",1787215297306,27,"tf1_55_M_ss3.jpeg","tf1_55_T1_ss3_pd.jpeg",12537,1
"7f8bfb0667b92854c5fa0bab41571cdf",1787215318875,28,"tf3_44_M_ss2.jpeg","tf3_44_T1_ss2_pd.jpeg",20258,1
"7f8bfb0667b92854c5fa0bab41571cdf",1787215347801,29,"tf1_64_M_ss3.jpeg","tf1_64_T1_ss3_pd.jpeg",27618,1
"7f8bfb0667b92854c5fa0bab41571cdf",1787215361472,30,"tf2_29_M_ss3.jpeg","tf2_29_T1_ss3_pd.jpeg",12348,1
"13bdd71824871bd5699def9e580119cb",1787217713902,1,"tf1_57_M_ss2.jpeg","tf1_57_T1_ss2_pd.jpeg",13032,1
"13bdd71824871bd5699def9e580119cb",1787217741255,2,"tf1_1_M_ss3.jpeg","tf1_1_T1_ss3_pd.jpeg",26049,1
"13bdd71824871bd5699def9e580119cb",1787217748847,3,"tf3_3_M_ss3.jpeg","tf3_3_T1_ss3_pd.jpeg",6288,1
"13bdd71824871bd5699def9e580119cb",1787217773552,4,"tf2_41_M_ss3.jpeg","tf2_41_T1_ss3_pd.jpeg",23401,1
"13bdd71824871bd5699def9e580119cb",1787217783992,5,"tf2_2_M_ss3.jpeg","tf2_2_T1_ss3_pd.jpeg",9134,1
"13bdd71824871bd5699def9e580119cb",1787217814572,6,"tf3_33_M_ss3.jpeg","tf3_33_T1_ss3_pd.jpeg",29275,1
"13bdd71824871bd5699def9e580119cb",1787217845180,7,"tf2_63_M_ss1.jpeg","tf2_63_T1_ss1_pd.jpeg",29301,1
"13bdd71824871bd5699def9e580119cb",1787217876487,8,"tf3_35_M_ss2.jpeg",NA,30000,0
"13bdd71824871bd5699def9e580119cb",1787217900681,9,"tf1_55_M_ss3.jpeg","tf1_55_T1_ss3_pd.jpeg",22889,1
"13bdd71824871bd5699def9e580119cb",1787217930820,10,"tf2_36_M_ss1.jpeg","tf2_36_T1_ss1_pd.jpeg",28833,1
"13bdd71824871bd5699def9e580119cb",1787217950651,11,"tf3_75_M_ss3.jpeg","tf3_75_T2_ss3_pd.jpeg",18526,0
"13bdd71824871bd5699def9e580119cb",1787217981427,12,"tf3_59_M_ss2.jpeg","tf3_59_T1_ss2_pd.jpeg",29472,1
"13bdd71824871bd5699def9e580119cb",1787218002469,13,"tf3_44_M_ss2.jpeg","tf3_44_T3_ss2_pd.jpeg",19737,0
"13bdd71824871bd5699def9e580119cb",1787218022846,14,"tf2_45_M_ss1.jpeg","tf2_45_T1_ss1_pd.jpeg",19072,1
"13bdd71824871bd5699def9e580119cb",1787218033143,15,"tf3_78_M_ss3.jpeg","tf3_78_T1_ss3_pd.jpeg",8994,1
"13bdd71824871bd5699def9e580119cb",1787218052956,16,"tf1_74_M_ss1.jpeg","tf1_74_T1_ss1_pd.jpeg",18508,1
"13bdd71824871bd5699def9e580119cb",1787218067305,17,"tf3_17_M_ss2.jpeg","tf3_17_T1_ss2_pd.jpeg",13046,1
"13bdd71824871bd5699def9e580119cb",1787218088211,18,"tf1_64_M_ss3.jpeg","tf1_64_T1_ss3_pd.jpeg",19600,1
"13bdd71824871bd5699def9e580119cb",1787218104643,19,"tf2_76_M_ss2.jpeg","tf2_76_T1_ss2_pd.jpeg",15127,1
"13bdd71824871bd5699def9e580119cb",1787218119155,20,"tf2_29_M_ss3.jpeg","tf2_29_T3_ss3_pd.jpeg",13207,0
"13bdd71824871bd5699def9e580119cb",1787218143768,21,"tf1_72_M_ss2.jpeg","tf1_72_T1_ss2_pd.jpeg",23309,1
"13bdd71824871bd5699def9e580119cb",1787218163922,22,"tf1_80_M_ss1.jpeg","tf1_80_T4_ss1_pd.jpeg",18849,0
"13bdd71824871bd5699def9e580119cb",1787218195227,23,"tf2_46_M_ss2.jpeg",NA,30000,0
"13bdd71824871bd5699def9e580119cb",1787218220237,24,"tf2_42_M_ss1.jpeg","tf2_42_T2_ss1_pd.jpeg",23700,0
"13bdd71824871bd5699def9e580119cb",1787218227436,25,"tf2_24_M_ss1.jpeg","tf2_24_T3_ss1_pd.jpeg",5895,0
"13bdd71824871bd5699def9e580119cb",1787218254610,26,"tf3_66_M_ss3.jpeg","tf3_66_T3_ss3_pd.jpeg",25870,0
"13bdd71824871bd5699def9e580119cb",1787218278276,27,"tf3_21_M_ss3.jpeg","tf3_21_T1_ss3_pd.jpeg",22351,1
"13bdd71824871bd5699def9e580119cb",1787218302677,28,"tf2_52_M_ss2.jpeg","tf2_52_T1_ss2_pd.jpeg",23094,1
"13bdd71824871bd5699def9e580119cb",1787218308129,29,"tf2_30_M_ss1.jpeg","tf2_30_T4_ss1_pd.jpeg",4147,0
"13bdd71824871bd5699def9e580119cb",1787218317986,30,"tf2_58_M_ss2.jpeg","tf2_58_T3_ss2_md.jpeg",8551,0
"d3587efb5d8384d3127b0ff8e2757603",1787217846590,1,"tf3_3_M_ss3.jpeg","tf3_3_T1_ss3_pd.jpeg",2197,1
"d3587efb5d8384d3127b0ff8e2757603",1787217849738,2,"tf1_1_M_ss3.jpeg","tf1_1_T2_ss3_pd.jpeg",1841,0
"d3587efb5d8384d3127b0ff8e2757603",1787217853473,3,"tf2_2_M_ss3.jpeg","tf2_2_T2_ss3_pd.jpeg",2429,0
"d3587efb5d8384d3127b0ff8e2757603",1787217856123,4,"tf3_33_M_ss3.jpeg","tf3_33_T1_ss3_pd.jpeg",1344,1
"d3587efb5d8384d3127b0ff8e2757603",1787217858709,5,"tf1_57_M_ss2.jpeg","tf1_57_T4_ss2_pd.jpeg",1280,0
"d3587efb5d8384d3127b0ff8e2757603",1787217861896,6,"tf2_41_M_ss3.jpeg","tf2_41_T3_ss3_pd.jpeg",1876,0
"d3587efb5d8384d3127b0ff8e2757603",1787217864515,7,"tf2_36_M_ss1.jpeg","tf2_36_T4_ss1_pd.jpeg",1313,0
"d3587efb5d8384d3127b0ff8e2757603",1787217867169,8,"tf2_46_M_ss2.jpeg","tf2_46_T3_ss2_pd.jpeg",1348,0
"d3587efb5d8384d3127b0ff8e2757603",1787217869571,9,"tf2_52_M_ss2.jpeg","tf2_52_T3_ss2_pd.jpeg",1096,0
"d3587efb5d8384d3127b0ff8e2757603",1787217872539,10,"tf3_66_M_ss3.jpeg","tf3_66_T2_ss3_pd.jpeg",1662,0
"d3587efb5d8384d3127b0ff8e2757603",1787217874895,11,"tf2_63_M_ss1.jpeg","tf2_63_T3_ss1_pd.jpeg",1050,0
"d3587efb5d8384d3127b0ff8e2757603",1787217878593,12,"tf2_30_M_ss1.jpeg","tf2_30_T1_ss1_pd.jpeg",2392,1
"d3587efb5d8384d3127b0ff8e2757603",1787217881064,13,"tf3_35_M_ss2.jpeg","tf3_35_T3_ss2_pd.jpeg",1166,0
"d3587efb5d8384d3127b0ff8e2757603",1787217883434,14,"tf1_64_M_ss3.jpeg","tf1_64_T4_ss3_pd.jpeg",1064,0
"d3587efb5d8384d3127b0ff8e2757603",1787217896791,15,"tf1_80_M_ss1.jpeg","tf1_80_T1_ss1_pd.jpeg",12052,1
"d3587efb5d8384d3127b0ff8e2757603",1787217899299,16,"tf1_55_M_ss3.jpeg","tf1_55_T2_ss3_pd.jpeg",1202,0
"d3587efb5d8384d3127b0ff8e2757603",1787217904470,17,"tf1_74_M_ss1.jpeg","tf1_74_T3_ss1_pd.jpeg",3860,0
"d3587efb5d8384d3127b0ff8e2757603",1787217907307,18,"tf3_17_M_ss2.jpeg","tf3_17_T1_ss2_pd.jpeg",1530,1
"d3587efb5d8384d3127b0ff8e2757603",1787217912143,19,"tf2_24_M_ss1.jpeg","tf2_24_T4_ss1_pd.jpeg",3528,0
"d3587efb5d8384d3127b0ff8e2757603",1787217914750,20,"tf1_72_M_ss2.jpeg","tf1_72_T3_ss2_pd.jpeg",1300,0
"d3587efb5d8384d3127b0ff8e2757603",1787217921088,21,"tf3_59_M_ss2.jpeg","tf3_59_T4_ss2_pd.jpeg",5030,0
"d3587efb5d8384d3127b0ff8e2757603",1787217923454,22,"tf2_29_M_ss3.jpeg","tf2_29_T4_ss3_pd.jpeg",1057,0
"d3587efb5d8384d3127b0ff8e2757603",1787217927227,23,"tf3_44_M_ss2.jpeg","tf3_44_T1_ss2_pd.jpeg",2465,1
"d3587efb5d8384d3127b0ff8e2757603",1787217931847,24,"tf2_58_M_ss2.jpeg","tf2_58_T3_ss2_md.jpeg",3314,0
"d3587efb5d8384d3127b0ff8e2757603",1787217934371,25,"tf2_45_M_ss1.jpeg","tf2_45_T4_ss1_pd.jpeg",1220,0
"d3587efb5d8384d3127b0ff8e2757603",1787217936790,26,"tf3_21_M_ss3.jpeg","tf3_21_T3_ss3_pd.jpeg",1111,0
"d3587efb5d8384d3127b0ff8e2757603",1787217939463,27,"tf3_78_M_ss3.jpeg","tf3_78_T3_ss3_pd.jpeg",1366,0
"d3587efb5d8384d3127b0ff8e2757603",1787217941981,28,"tf3_75_M_ss3.jpeg","tf3_75_T2_ss3_pd.jpeg",1210,0
"d3587efb5d8384d3127b0ff8e2757603",1787217944366,29,"tf2_76_M_ss2.jpeg","tf2_76_T1_ss2_pd.jpeg",1077,1
"d3587efb5d8384d3127b0ff8e2757603",1787217946647,30,"tf2_42_M_ss1.jpeg","tf2_42_T2_ss1_pd.jpeg",973,0
"f99aab028bdd8693351babe03a14a0fb",1787218470603,1,"tf2_2_M_ss3.jpeg","tf2_2_T1_ss3_pd.jpeg",4709,1
"f99aab028bdd8693351babe03a14a0fb",1787218475500,2,"tf1_1_M_ss3.jpeg","tf1_1_T1_ss3_pd.jpeg",3589,1
"f99aab028bdd8693351babe03a14a0fb",1787218479802,3,"tf3_3_M_ss3.jpeg","tf3_3_T1_ss3_pd.jpeg",2995,1
"f99aab028bdd8693351babe03a14a0fb",1787218500467,4,"tf1_57_M_ss2.jpeg","tf1_57_T1_ss2_pd.jpeg",19358,1
"f99aab028bdd8693351babe03a14a0fb",1787218528856,5,"tf3_33_M_ss3.jpeg","tf3_33_T1_ss3_pd.jpeg",27080,1
"f99aab028bdd8693351babe03a14a0fb",1787218539426,6,"tf2_41_M_ss3.jpeg","tf2_41_T1_ss3_pd.jpeg",9261,1
"f99aab028bdd8693351babe03a14a0fb",1787218564909,7,"tf1_55_M_ss3.jpeg","tf1_55_T2_ss3_pd.jpeg",24176,0
"f99aab028bdd8693351babe03a14a0fb",1787218594766,8,"tf2_42_M_ss1.jpeg","tf2_42_T3_ss1_pd.jpeg",28550,0
"f99aab028bdd8693351babe03a14a0fb",1787218616681,9,"tf2_45_M_ss1.jpeg","tf2_45_T1_ss1_pd.jpeg",20607,1
"f99aab028bdd8693351babe03a14a0fb",1787218643814,10,"tf2_30_M_ss1.jpeg","tf2_30_T1_ss1_pd.jpeg",25825,1
"f99aab028bdd8693351babe03a14a0fb",1787218669784,11,"tf3_21_M_ss3.jpeg","tf3_21_T1_ss3_pd.jpeg",24661,1
"f99aab028bdd8693351babe03a14a0fb",1787218688328,12,"tf3_17_M_ss2.jpeg","tf3_17_T2_ss2_pd.jpeg",17237,0
"f99aab028bdd8693351babe03a14a0fb",1787218711321,13,"tf2_46_M_ss2.jpeg","tf2_46_T1_ss2_pd.jpeg",21685,1
"f99aab028bdd8693351babe03a14a0fb",1787218740396,14,"tf3_44_M_ss2.jpeg","tf3_44_T2_ss2_pd.jpeg",27765,0
"f99aab028bdd8693351babe03a14a0fb",1787218761043,15,"tf2_63_M_ss1.jpeg","tf2_63_T1_ss1_pd.jpeg",19337,1
"f99aab028bdd8693351babe03a14a0fb",1787218789346,16,"tf2_52_M_ss2.jpeg","tf2_52_T1_ss2_pd.jpeg",26995,1
"f99aab028bdd8693351babe03a14a0fb",1787218819266,17,"tf3_66_M_ss3.jpeg","tf3_66_T3_ss3_pd.jpeg",28610,0
"f99aab028bdd8693351babe03a14a0fb",1787218846769,18,"tf2_29_M_ss3.jpeg","tf2_29_T1_ss3_pd.jpeg",26193,1
"f99aab028bdd8693351babe03a14a0fb",1787218870504,19,"tf3_75_M_ss3.jpeg","tf3_75_T1_ss3_pd.jpeg",22429,1
"f99aab028bdd8693351babe03a14a0fb",1787218894152,20,"tf3_78_M_ss3.jpeg","tf3_78_T1_ss3_pd.jpeg",22341,1
"f99aab028bdd8693351babe03a14a0fb",1787218924068,21,"tf1_64_M_ss3.jpeg","tf1_64_T3_ss3_pd.jpeg",28609,0
"f99aab028bdd8693351babe03a14a0fb",1787218952215,22,"tf2_58_M_ss2.jpeg","tf2_58_T1_ss2_md.jpeg",26837,1
"f99aab028bdd8693351babe03a14a0fb",1787218980554,23,"tf3_59_M_ss2.jpeg","tf3_59_T1_ss2_pd.jpeg",27032,1
"f99aab028bdd8693351babe03a14a0fb",1787219007907,24,"tf3_35_M_ss2.jpeg","tf3_35_T1_ss2_pd.jpeg",26045,1
"f99aab028bdd8693351babe03a14a0fb",1787219026287,25,"tf2_76_M_ss2.jpeg","tf2_76_T1_ss2_pd.jpeg",17071,1
"f99aab028bdd8693351babe03a14a0fb",1787219047984,26,"tf2_24_M_ss1.jpeg","tf2_24_T1_ss1_pd.jpeg",20389,1
"f99aab028bdd8693351babe03a14a0fb",1787219072754,27,"tf1_80_M_ss1.jpeg","tf1_80_T1_ss1_pd.jpeg",23463,1
"f99aab028bdd8693351babe03a14a0fb",1787219101573,28,"tf1_74_M_ss1.jpeg","tf1_74_T1_ss1_pd.jpeg",27507,1
"f99aab028bdd8693351babe03a14a0fb",1787219119505,29,"tf2_36_M_ss1.jpeg","tf2_36_T1_ss1_pd.jpeg",16624,1
"f99aab028bdd8693351babe03a14a0fb",1787219132195,30,"tf1_72_M_ss2.jpeg","tf1_72_T1_ss2_pd.jpeg",11380,1
"5503755899fef9af166b26fdf457bd89",1787219084376,1,"tf1_1_M_ss3.jpeg","tf1_1_T1_ss3_pd.jpeg",2640,1
"5503755899fef9af166b26fdf457bd89",1787219094992,2,"tf2_41_M_ss3.jpeg","tf2_41_T1_ss3_pd.jpeg",9309,1
"5503755899fef9af166b26fdf457bd89",1787219100108,3,"tf3_3_M_ss3.jpeg","tf3_3_T1_ss3_pd.jpeg",3810,1
"5503755899fef9af166b26fdf457bd89",1787219111160,4,"tf1_57_M_ss2.jpeg","tf1_57_T1_ss2_pd.jpeg",9746,1
"5503755899fef9af166b26fdf457bd89",1787219116976,5,"tf2_2_M_ss3.jpeg","tf2_2_T1_ss3_pd.jpeg",4510,1
"5503755899fef9af166b26fdf457bd89",1787219146626,6,"tf3_33_M_ss3.jpeg","tf3_33_T1_ss3_pd.jpeg",28344,1
"5503755899fef9af166b26fdf457bd89",1787219163059,7,"tf2_36_M_ss1.jpeg","tf2_36_T1_ss1_pd.jpeg",15127,1
"5503755899fef9af166b26fdf457bd89",1787219165674,8,"tf3_66_M_ss3.jpeg","tf3_66_T3_ss3_pd.jpeg",1309,0
"5503755899fef9af166b26fdf457bd89",1787219168058,9,"tf2_52_M_ss2.jpeg","tf2_52_T3_ss2_pd.jpeg",1080,0
"5503755899fef9af166b26fdf457bd89",1787219169926,10,"tf2_42_M_ss1.jpeg","tf2_42_T1_ss1_pd.jpeg",564,1
"5503755899fef9af166b26fdf457bd89",1787219171859,11,"tf3_75_M_ss3.jpeg","tf3_75_T4_ss3_pd.jpeg",627,0
"5503755899fef9af166b26fdf457bd89",1787219173493,12,"tf1_80_M_ss1.jpeg","tf1_80_T1_ss1_pd.jpeg",328,1
"5503755899fef9af166b26fdf457bd89",1787219175143,13,"tf3_59_M_ss2.jpeg","tf3_59_T2_ss2_pd.jpeg",343,0
"5503755899fef9af166b26fdf457bd89",1787219176809,14,"tf3_44_M_ss2.jpeg","tf3_44_T4_ss2_pd.jpeg",360,0
"5503755899fef9af166b26fdf457bd89",1787219178443,15,"tf1_74_M_ss1.jpeg","tf1_74_T3_ss1_pd.jpeg",327,0
"5503755899fef9af166b26fdf457bd89",1787219180126,16,"tf1_64_M_ss3.jpeg","tf1_64_T2_ss3_pd.jpeg",378,0
"5503755899fef9af166b26fdf457bd89",1787219181926,17,"tf2_63_M_ss1.jpeg","tf2_63_T4_ss1_pd.jpeg",494,0
"5503755899fef9af166b26fdf457bd89",1787219183743,18,"tf3_35_M_ss2.jpeg","tf3_35_T4_ss2_pd.jpeg",511,0
"5503755899fef9af166b26fdf457bd89",1787219185376,19,"tf3_17_M_ss2.jpeg","tf3_17_T2_ss2_pd.jpeg",329,0
"5503755899fef9af166b26fdf457bd89",1787219187010,20,"tf2_24_M_ss1.jpeg","tf2_24_T1_ss1_pd.jpeg",327,1
"5503755899fef9af166b26fdf457bd89",1787219188576,21,"tf2_29_M_ss3.jpeg","tf2_29_T3_ss3_pd.jpeg",260,0
"5503755899fef9af166b26fdf457bd89",1787219190160,22,"tf1_55_M_ss3.jpeg","tf1_55_T2_ss3_pd.jpeg",280,0
"5503755899fef9af166b26fdf457bd89",1787219191676,23,"tf3_78_M_ss3.jpeg","tf3_78_T1_ss3_pd.jpeg",210,1
"5503755899fef9af166b26fdf457bd89",1787219193593,24,"tf2_45_M_ss1.jpeg","tf2_45_T2_ss1_pd.jpeg",611,0
"5503755899fef9af166b26fdf457bd89",1787219195126,25,"tf2_76_M_ss2.jpeg","tf2_76_T1_ss2_pd.jpeg",228,1
"5503755899fef9af166b26fdf457bd89",1787219196710,26,"tf3_21_M_ss3.jpeg","tf3_21_T1_ss3_pd.jpeg",277,1
"5503755899fef9af166b26fdf457bd89",1787219198326,27,"tf2_58_M_ss2.jpeg","tf2_58_T2_ss2_md.jpeg",310,0
"5503755899fef9af166b26fdf457bd89",1787219200210,28,"tf1_72_M_ss2.jpeg","tf1_72_T3_ss2_pd.jpeg",578,0
"5503755899fef9af166b26fdf457bd89",1787219202043,29,"tf2_46_M_ss2.jpeg","tf2_46_T4_ss2_pd.jpeg",527,0
"5503755899fef9af166b26fdf457bd89",1787219203710,30,"tf2_30_M_ss1.jpeg","tf2_30_T3_ss1_pd.jpeg",360,0
"3bed9c7df5a2c021a176c2c0bf47054f",1787222228453,1,"tf2_41_M_ss3.jpeg","tf2_41_T2_ss3_pd.jpeg",2632,0
"3bed9c7df5a2c021a176c2c0bf47054f",1787222231421,2,"tf3_3_M_ss3.jpeg","tf3_3_T1_ss3_pd.jpeg",1654,1
"3bed9c7df5a2c021a176c2c0bf47054f",1787222240806,3,"tf1_57_M_ss2.jpeg","tf1_57_T1_ss2_pd.jpeg",8027,1
"3bed9c7df5a2c021a176c2c0bf47054f",1787222244555,4,"tf1_1_M_ss3.jpeg","tf1_1_T1_ss3_pd.jpeg",2438,1
"3bed9c7df5a2c021a176c2c0bf47054f",1787222251493,5,"tf3_33_M_ss3.jpeg","tf3_33_T2_ss3_pd.jpeg",5538,0
"3bed9c7df5a2c021a176c2c0bf47054f",1787222255009,6,"tf2_2_M_ss3.jpeg","tf2_2_T1_ss3_pd.jpeg",2212,1
"3bed9c7df5a2c021a176c2c0bf47054f",1787222264446,7,"tf2_30_M_ss1.jpeg","tf2_30_T4_ss1_pd.jpeg",8124,0
"3bed9c7df5a2c021a176c2c0bf47054f",1787222279709,8,"tf2_76_M_ss2.jpeg","tf2_76_T4_ss2_pd.jpeg",13910,0
"3bed9c7df5a2c021a176c2c0bf47054f",1787222299892,9,"tf1_72_M_ss2.jpeg","tf1_72_T4_ss2_pd.jpeg",18874,0
"3bed9c7df5a2c021a176c2c0bf47054f",1787222315874,10,"tf1_64_M_ss3.jpeg","tf1_64_T1_ss3_pd.jpeg",14639,1
"3bed9c7df5a2c021a176c2c0bf47054f",1787222337299,11,"tf3_75_M_ss3.jpeg","tf3_75_T2_ss3_pd.jpeg",20101,0
"3bed9c7df5a2c021a176c2c0bf47054f",1787222352677,12,"tf3_66_M_ss3.jpeg","tf3_66_T1_ss3_pd.jpeg",14062,1
"3bed9c7df5a2c021a176c2c0bf47054f",1787222365796,13,"tf2_46_M_ss2.jpeg","tf2_46_T1_ss2_pd.jpeg",11715,1
"3bed9c7df5a2c021a176c2c0bf47054f",1787222384741,14,"tf2_24_M_ss1.jpeg","tf2_24_T1_ss1_pd.jpeg",17629,1
"3bed9c7df5a2c021a176c2c0bf47054f",1787222412146,15,"tf2_42_M_ss1.jpeg","tf2_42_T2_ss1_pd.jpeg",25970,0
"3bed9c7df5a2c021a176c2c0bf47054f",1787222420327,16,"tf1_55_M_ss3.jpeg","tf1_55_T1_ss3_pd.jpeg",6878,1
"3bed9c7df5a2c021a176c2c0bf47054f",1787222434840,17,"tf2_58_M_ss2.jpeg","tf2_58_T2_ss2_md.jpeg",13139,0
"3bed9c7df5a2c021a176c2c0bf47054f",1787222448928,18,"tf3_35_M_ss2.jpeg","tf3_35_T1_ss2_pd.jpeg",12684,1
"3bed9c7df5a2c021a176c2c0bf47054f",1787222466438,19,"tf1_74_M_ss1.jpeg","tf1_74_T1_ss1_pd.jpeg",16205,1
"3bed9c7df5a2c021a176c2c0bf47054f",1787222496966,20,"tf2_63_M_ss1.jpeg","tf2_63_T2_ss1_pd.jpeg",29224,0
"3bed9c7df5a2c021a176c2c0bf47054f",1787222506782,21,"tf3_21_M_ss3.jpeg","tf3_21_T3_ss3_pd.jpeg",8402,0
"3bed9c7df5a2c021a176c2c0bf47054f",1787222514124,22,"tf3_78_M_ss3.jpeg","tf3_78_T4_ss3_pd.jpeg",6027,0
"3bed9c7df5a2c021a176c2c0bf47054f",1787222521042,23,"tf2_29_M_ss3.jpeg","tf2_29_T1_ss3_pd.jpeg",5596,1
"3bed9c7df5a2c021a176c2c0bf47054f",1787222528829,24,"tf2_45_M_ss1.jpeg","tf2_45_T1_ss1_pd.jpeg",6471,1
"3bed9c7df5a2c021a176c2c0bf47054f",1787222539244,25,"tf3_44_M_ss2.jpeg","tf3_44_T1_ss2_pd.jpeg",9113,1
"3bed9c7df5a2c021a176c2c0bf47054f",1787222551091,26,"tf2_52_M_ss2.jpeg","tf2_52_T1_ss2_pd.jpeg",10512,1
"3bed9c7df5a2c021a176c2c0bf47054f",1787222562523,27,"tf2_36_M_ss1.jpeg","tf2_36_T1_ss1_pd.jpeg",10127,1
"3bed9c7df5a2c021a176c2c0bf47054f",1787222570591,28,"tf3_59_M_ss2.jpeg","tf3_59_T1_ss2_pd.jpeg",6765,1
"3bed9c7df5a2c021a176c2c0bf47054f",1787222578794,29,"tf1_80_M_ss1.jpeg","tf1_80_T1_ss1_pd.jpeg",6899,1
"3bed9c7df5a2c021a176c2c0bf47054f",1787222603703,30,"tf3_17_M_ss2.jpeg","tf3_17_T2_ss2_pd.jpeg",23597,0
"5f2dd57fbe93957f2749e27c624c52d2",1787222519367,1,"tf2_2_M_ss3.jpeg","tf2_2_T1_ss3_pd.jpeg",3275,1
"5f2dd57fbe93957f2749e27c624c52d2",1787222522890,2,"tf1_1_M_ss3.jpeg","tf1_1_T1_ss3_pd.jpeg",2204,1
"5f2dd57fbe93957f2749e27c624c52d2",1787222532717,3,"tf2_41_M_ss3.jpeg","tf2_41_T1_ss3_pd.jpeg",8514,1
"5f2dd57fbe93957f2749e27c624c52d2",1787222535927,4,"tf3_3_M_ss3.jpeg","tf3_3_T1_ss3_pd.jpeg",1899,1
"5f2dd57fbe93957f2749e27c624c52d2",1787222550012,5,"tf1_57_M_ss2.jpeg","tf1_57_T1_ss2_pd.jpeg",12780,1
"5f2dd57fbe93957f2749e27c624c52d2",1787222557553,6,"tf3_33_M_ss3.jpeg","tf3_33_T1_ss3_pd.jpeg",6228,1
"5f2dd57fbe93957f2749e27c624c52d2",1787222588860,7,"tf2_29_M_ss3.jpeg",NA,30000,0
"5f2dd57fbe93957f2749e27c624c52d2",1787222605338,8,"tf3_66_M_ss3.jpeg","tf3_66_T1_ss3_pd.jpeg",15163,1
"5f2dd57fbe93957f2749e27c624c52d2",1787222614621,9,"tf2_45_M_ss1.jpeg","tf2_45_T1_ss1_pd.jpeg",7954,1
"5f2dd57fbe93957f2749e27c624c52d2",1787222646009,10,"tf3_21_M_ss3.jpeg",NA,30000,0
"5f2dd57fbe93957f2749e27c624c52d2",1787222655698,11,"tf2_24_M_ss1.jpeg","tf2_24_T1_ss1_pd.jpeg",8381,1
"5f2dd57fbe93957f2749e27c624c52d2",1787222677849,12,"tf1_64_M_ss3.jpeg","tf1_64_T1_ss3_pd.jpeg",20843,1
"5f2dd57fbe93957f2749e27c624c52d2",1787222700973,13,"tf1_72_M_ss2.jpeg","tf1_72_T3_ss2_pd.jpeg",21807,0
"5f2dd57fbe93957f2749e27c624c52d2",1787222722964,14,"tf2_36_M_ss1.jpeg","tf2_36_T1_ss1_pd.jpeg",20676,1
"5f2dd57fbe93957f2749e27c624c52d2",1787222735842,15,"tf2_42_M_ss1.jpeg","tf2_42_T1_ss1_pd.jpeg",11565,1
"5f2dd57fbe93957f2749e27c624c52d2",1787222749751,16,"tf1_74_M_ss1.jpeg","tf1_74_T1_ss1_pd.jpeg",12593,1
"5f2dd57fbe93957f2749e27c624c52d2",1787222769267,17,"tf1_55_M_ss3.jpeg","tf1_55_T1_ss3_pd.jpeg",18210,1
"5f2dd57fbe93957f2749e27c624c52d2",1787222793271,18,"tf3_75_M_ss3.jpeg","tf3_75_T1_ss3_pd.jpeg",22697,1
"5f2dd57fbe93957f2749e27c624c52d2",1787222819775,19,"tf3_59_M_ss2.jpeg","tf3_59_T1_ss2_pd.jpeg",25187,1
"5f2dd57fbe93957f2749e27c624c52d2",1787222829959,20,"tf2_46_M_ss2.jpeg","tf2_46_T1_ss2_pd.jpeg",8879,1
"5f2dd57fbe93957f2749e27c624c52d2",1787222842793,21,"tf2_52_M_ss2.jpeg","tf2_52_T1_ss2_pd.jpeg",11522,1
"5f2dd57fbe93957f2749e27c624c52d2",1787222858779,22,"tf2_76_M_ss2.jpeg","tf2_76_T1_ss2_pd.jpeg",14553,1
"5f2dd57fbe93957f2749e27c624c52d2",1787222875664,23,"tf2_58_M_ss2.jpeg","tf2_58_T1_ss2_md.jpeg",15573,1
"5f2dd57fbe93957f2749e27c624c52d2",1787222893691,24,"tf1_80_M_ss1.jpeg","tf1_80_T1_ss1_pd.jpeg",16711,1
"5f2dd57fbe93957f2749e27c624c52d2",1787222909719,25,"tf3_78_M_ss3.jpeg","tf3_78_T1_ss3_pd.jpeg",14696,1
"5f2dd57fbe93957f2749e27c624c52d2",1787222920385,26,"tf2_63_M_ss1.jpeg","tf2_63_T1_ss1_pd.jpeg",9360,1
"5f2dd57fbe93957f2749e27c624c52d2",1787222938658,27,"tf3_44_M_ss2.jpeg","tf3_44_T1_ss2_pd.jpeg",16966,1
"5f2dd57fbe93957f2749e27c624c52d2",1787222953213,28,"tf2_30_M_ss1.jpeg","tf2_30_T1_ss1_pd.jpeg",13239,1
"5f2dd57fbe93957f2749e27c624c52d2",1787222969950,29,"tf3_35_M_ss2.jpeg","tf3_35_T1_ss2_pd.jpeg",15419,1
"5f2dd57fbe93957f2749e27c624c52d2",1787222982298,30,"tf3_17_M_ss2.jpeg","tf3_17_T1_ss2_pd.jpeg",11044,1
"f70fbc2d4f613ed7917c6de589ecdfbd",1787240266229,1,"tf3_3_M_ss3.jpeg","tf3_3_T1_ss3_pd.jpeg",2434,1
"f70fbc2d4f613ed7917c6de589ecdfbd",1787240269520,2,"tf2_41_M_ss3.jpeg","tf2_41_T2_ss3_pd.jpeg",1989,0
"f70fbc2d4f613ed7917c6de589ecdfbd",1787240275257,3,"tf1_1_M_ss3.jpeg","tf1_1_T1_ss3_pd.jpeg",4433,1
"f70fbc2d4f613ed7917c6de589ecdfbd",1787240283370,4,"tf1_57_M_ss2.jpeg","tf1_57_T1_ss2_pd.jpeg",6809,1
"f70fbc2d4f613ed7917c6de589ecdfbd",1787240292031,5,"tf2_2_M_ss3.jpeg","tf2_2_T1_ss3_pd.jpeg",7357,1
"f70fbc2d4f613ed7917c6de589ecdfbd",1787240304403,6,"tf3_33_M_ss3.jpeg","tf3_33_T1_ss3_pd.jpeg",11068,1
"f70fbc2d4f613ed7917c6de589ecdfbd",1787240315917,7,"tf1_74_M_ss1.jpeg","tf1_74_T1_ss1_pd.jpeg",10209,1
"f70fbc2d4f613ed7917c6de589ecdfbd",1787240333915,8,"tf2_42_M_ss1.jpeg","tf2_42_T2_ss1_pd.jpeg",16694,0
"f70fbc2d4f613ed7917c6de589ecdfbd",1787240348346,9,"tf1_72_M_ss2.jpeg","tf1_72_T1_ss2_pd.jpeg",13127,1
"f70fbc2d4f613ed7917c6de589ecdfbd",1787240373571,10,"tf3_59_M_ss2.jpeg","tf3_59_T1_ss2_pd.jpeg",23921,1
"f70fbc2d4f613ed7917c6de589ecdfbd",1787240388947,11,"tf3_21_M_ss3.jpeg","tf3_21_T1_ss3_pd.jpeg",14072,1
"f70fbc2d4f613ed7917c6de589ecdfbd",1787240408077,12,"tf3_44_M_ss2.jpeg","tf3_44_T1_ss2_pd.jpeg",17827,1
"f70fbc2d4f613ed7917c6de589ecdfbd",1787240438618,13,"tf1_64_M_ss3.jpeg","tf1_64_T1_ss3_pd.jpeg",29236,1
"f70fbc2d4f613ed7917c6de589ecdfbd",1787240453069,14,"tf2_30_M_ss1.jpeg","tf2_30_T1_ss1_pd.jpeg",13146,1
"f70fbc2d4f613ed7917c6de589ecdfbd",1787240470735,15,"tf3_35_M_ss2.jpeg","tf3_35_T1_ss2_pd.jpeg",16360,1
"f70fbc2d4f613ed7917c6de589ecdfbd",1787240495816,16,"tf2_36_M_ss1.jpeg","tf2_36_T1_ss1_pd.jpeg",23777,1
"f70fbc2d4f613ed7917c6de589ecdfbd",1787240508098,17,"tf2_52_M_ss2.jpeg","tf2_52_T2_ss2_pd.jpeg",10977,0
"f70fbc2d4f613ed7917c6de589ecdfbd",1787240519955,18,"tf2_45_M_ss1.jpeg","tf2_45_T1_ss1_pd.jpeg",10553,1
"f70fbc2d4f613ed7917c6de589ecdfbd",1787240532948,19,"tf1_55_M_ss3.jpeg","tf1_55_T1_ss3_pd.jpeg",11689,1
"f70fbc2d4f613ed7917c6de589ecdfbd",1787240545566,20,"tf1_80_M_ss1.jpeg","tf1_80_T1_ss1_pd.jpeg",11314,1
"f70fbc2d4f613ed7917c6de589ecdfbd",1787240554902,21,"tf2_63_M_ss1.jpeg","tf2_63_T1_ss1_pd.jpeg",8033,1
"f70fbc2d4f613ed7917c6de589ecdfbd",1787240566500,22,"tf2_46_M_ss2.jpeg","tf2_46_T1_ss2_pd.jpeg",10293,1
"f70fbc2d4f613ed7917c6de589ecdfbd",1787240578172,23,"tf2_76_M_ss2.jpeg","tf2_76_T1_ss2_pd.jpeg",10368,1
"f70fbc2d4f613ed7917c6de589ecdfbd",1787240587555,24,"tf3_17_M_ss2.jpeg","tf3_17_T1_ss2_pd.jpeg",8079,1
"f70fbc2d4f613ed7917c6de589ecdfbd",1787240598514,25,"tf3_78_M_ss3.jpeg","tf3_78_T1_ss3_pd.jpeg",9655,1
"f70fbc2d4f613ed7917c6de589ecdfbd",1787240615541,26,"tf2_58_M_ss2.jpeg","tf2_58_T1_ss2_md.jpeg",15722,1
"f70fbc2d4f613ed7917c6de589ecdfbd",1787240626309,27,"tf2_29_M_ss3.jpeg","tf2_29_T1_ss3_pd.jpeg",9466,1
"f70fbc2d4f613ed7917c6de589ecdfbd",1787240650363,28,"tf3_75_M_ss3.jpeg","tf3_75_T2_ss3_pd.jpeg",22750,0
"f70fbc2d4f613ed7917c6de589ecdfbd",1787240665194,29,"tf2_24_M_ss1.jpeg","tf2_24_T1_ss1_pd.jpeg",13525,1
"f70fbc2d4f613ed7917c6de589ecdfbd",1787240686572,30,"tf3_66_M_ss3.jpeg","tf3_66_T1_ss3_pd.jpeg",20073,1
"493ddc4c58e40340f6c64b32697c9a21",1787280019727,1,"tf2_41_M_ss3.jpeg","tf2_41_T1_ss3_pd.jpeg",6801,1
"493ddc4c58e40340f6c64b32697c9a21",1787280023275,2,"tf1_1_M_ss3.jpeg","tf1_1_T1_ss3_pd.jpeg",2238,1
"493ddc4c58e40340f6c64b32697c9a21",1787280034945,3,"tf3_33_M_ss3.jpeg","tf3_33_T1_ss3_pd.jpeg",10352,1
"493ddc4c58e40340f6c64b32697c9a21",1787280042461,4,"tf2_2_M_ss3.jpeg","tf2_2_T1_ss3_pd.jpeg",6207,1
"493ddc4c58e40340f6c64b32697c9a21",1787280046361,5,"tf3_3_M_ss3.jpeg","tf3_3_T1_ss3_pd.jpeg",2594,1
"493ddc4c58e40340f6c64b32697c9a21",1787280054001,6,"tf1_57_M_ss2.jpeg","tf1_57_T1_ss2_pd.jpeg",6334,1
"493ddc4c58e40340f6c64b32697c9a21",1787280067838,7,"tf2_29_M_ss3.jpeg","tf2_29_T1_ss3_pd.jpeg",12528,1
"493ddc4c58e40340f6c64b32697c9a21",1787280077083,8,"tf2_24_M_ss1.jpeg","tf2_24_T1_ss1_pd.jpeg",7939,1
"493ddc4c58e40340f6c64b32697c9a21",1787280099153,9,"tf1_72_M_ss2.jpeg","tf1_72_T3_ss2_pd.jpeg",20763,0
"493ddc4c58e40340f6c64b32697c9a21",1787280126894,10,"tf1_55_M_ss3.jpeg","tf1_55_T2_ss3_pd.jpeg",26409,0
"493ddc4c58e40340f6c64b32697c9a21",1787280146340,11,"tf3_44_M_ss2.jpeg","tf3_44_T2_ss2_pd.jpeg",18138,0
"493ddc4c58e40340f6c64b32697c9a21",1787280169273,12,"tf2_58_M_ss2.jpeg","tf2_58_T1_ss2_md.jpeg",21629,1
"493ddc4c58e40340f6c64b32697c9a21",1787280199266,13,"tf3_75_M_ss3.jpeg","tf3_75_T1_ss3_pd.jpeg",28687,1
"493ddc4c58e40340f6c64b32697c9a21",1787280220382,14,"tf1_74_M_ss1.jpeg","tf1_74_T1_ss1_pd.jpeg",19809,1
"493ddc4c58e40340f6c64b32697c9a21",1787280231450,15,"tf2_52_M_ss2.jpeg","tf2_52_T1_ss2_pd.jpeg",9761,1
"493ddc4c58e40340f6c64b32697c9a21",1787280254965,16,"tf3_66_M_ss3.jpeg","tf3_66_T4_ss3_pd.jpeg",22208,0
"493ddc4c58e40340f6c64b32697c9a21",1787280269539,17,"tf3_59_M_ss2.jpeg","tf3_59_T1_ss2_pd.jpeg",13266,1
"493ddc4c58e40340f6c64b32697c9a21",1787280291668,18,"tf2_42_M_ss1.jpeg","tf2_42_T1_ss1_pd.jpeg",20818,1
"493ddc4c58e40340f6c64b32697c9a21",1787280312044,19,"tf2_46_M_ss2.jpeg","tf2_46_T2_ss2_pd.jpeg",19068,0
"493ddc4c58e40340f6c64b32697c9a21",1787280341671,20,"tf1_64_M_ss3.jpeg","tf1_64_T1_ss3_pd.jpeg",28321,1
"493ddc4c58e40340f6c64b32697c9a21",1787280352683,21,"tf3_17_M_ss2.jpeg","tf3_17_T1_ss2_pd.jpeg",9709,1
"493ddc4c58e40340f6c64b32697c9a21",1787280368306,22,"tf2_45_M_ss1.jpeg","tf2_45_T1_ss1_pd.jpeg",14317,1
"493ddc4c58e40340f6c64b32697c9a21",1787280389603,23,"tf1_80_M_ss1.jpeg","tf1_80_T1_ss1_pd.jpeg",19984,1
"493ddc4c58e40340f6c64b32697c9a21",1787280418956,24,"tf2_30_M_ss1.jpeg","tf2_30_T1_ss1_pd.jpeg",28046,1
"493ddc4c58e40340f6c64b32697c9a21",1787280441997,25,"tf3_21_M_ss3.jpeg","tf3_21_T1_ss3_pd.jpeg",21734,1
"493ddc4c58e40340f6c64b32697c9a21",1787280461123,26,"tf3_35_M_ss2.jpeg","tf3_35_T1_ss2_pd.jpeg",17822,1
"493ddc4c58e40340f6c64b32697c9a21",1787280491562,27,"tf3_78_M_ss3.jpeg","tf3_78_T1_ss3_pd.jpeg",29133,1
"493ddc4c58e40340f6c64b32697c9a21",1787280509794,28,"tf2_36_M_ss1.jpeg","tf2_36_T1_ss1_pd.jpeg",16911,1
"493ddc4c58e40340f6c64b32697c9a21",1787280522408,29,"tf2_63_M_ss1.jpeg","tf2_63_T1_ss1_pd.jpeg",11307,1
"493ddc4c58e40340f6c64b32697c9a21",1787280535880,30,"tf2_76_M_ss2.jpeg","tf2_76_T1_ss2_pd.jpeg",12162,1
"4c036e1a3642544ba1062db48018ffc3",1787286732521,1,"tf1_1_M_ss3.jpeg","tf1_1_T2_ss3_pd.jpeg",4291,0
"4c036e1a3642544ba1062db48018ffc3",1787286736937,2,"tf2_2_M_ss3.jpeg","tf2_2_T1_ss3_pd.jpeg",3113,1
"4c036e1a3642544ba1062db48018ffc3",1787286752760,3,"tf1_57_M_ss2.jpeg","tf1_57_T1_ss2_pd.jpeg",14519,1
"4c036e1a3642544ba1062db48018ffc3",1787286755574,4,"tf3_3_M_ss3.jpeg","tf3_3_T1_ss3_pd.jpeg",1509,1
"4c036e1a3642544ba1062db48018ffc3",1787286786882,5,"tf3_33_M_ss3.jpeg",NA,30000,0
"4c036e1a3642544ba1062db48018ffc3",1787286795735,6,"tf2_41_M_ss3.jpeg","tf2_41_T1_ss3_pd.jpeg",7548,1
"4c036e1a3642544ba1062db48018ffc3",1787286827042,7,"tf3_35_M_ss2.jpeg",NA,30000,0
"4c036e1a3642544ba1062db48018ffc3",1787286856169,8,"tf3_21_M_ss3.jpeg","tf3_21_T4_ss3_pd.jpeg",27822,0
"4c036e1a3642544ba1062db48018ffc3",1787286873874,9,"tf1_64_M_ss3.jpeg","tf1_64_T3_ss3_pd.jpeg",16401,0
"4c036e1a3642544ba1062db48018ffc3",1787286895655,10,"tf2_58_M_ss2.jpeg","tf2_58_T1_ss2_md.jpeg",20476,1
"4c036e1a3642544ba1062db48018ffc3",1787286912674,11,"tf1_55_M_ss3.jpeg","tf1_55_T1_ss3_pd.jpeg",15714,1
"4c036e1a3642544ba1062db48018ffc3",1787286926191,12,"tf2_52_M_ss2.jpeg","tf2_52_T1_ss2_pd.jpeg",12212,1
"4c036e1a3642544ba1062db48018ffc3",1787286937599,13,"tf2_24_M_ss1.jpeg","tf2_24_T1_ss1_pd.jpeg",10105,1
"4c036e1a3642544ba1062db48018ffc3",1787286959524,14,"tf2_29_M_ss3.jpeg","tf2_29_T1_ss3_pd.jpeg",20621,1
"4c036e1a3642544ba1062db48018ffc3",1787286968722,15,"tf2_76_M_ss2.jpeg","tf2_76_T1_ss2_pd.jpeg",7893,1
"4c036e1a3642544ba1062db48018ffc3",1787286978107,16,"tf2_45_M_ss1.jpeg","tf2_45_T1_ss1_pd.jpeg",8081,1
"4c036e1a3642544ba1062db48018ffc3",1787286997319,17,"tf2_36_M_ss1.jpeg","tf2_36_T1_ss1_pd.jpeg",17909,1
"4c036e1a3642544ba1062db48018ffc3",1787287009902,18,"tf2_63_M_ss1.jpeg","tf2_63_T4_ss1_pd.jpeg",11278,0
"4c036e1a3642544ba1062db48018ffc3",1787287025978,19,"tf3_17_M_ss2.jpeg","tf3_17_T1_ss2_pd.jpeg",14770,1
"4c036e1a3642544ba1062db48018ffc3",1787287035661,20,"tf1_74_M_ss1.jpeg","tf1_74_T1_ss1_pd.jpeg",8379,1
"4c036e1a3642544ba1062db48018ffc3",1787287054403,21,"tf1_80_M_ss1.jpeg","tf1_80_T1_ss1_pd.jpeg",17437,1
"4c036e1a3642544ba1062db48018ffc3",1787287066849,22,"tf2_30_M_ss1.jpeg","tf2_30_T1_ss1_pd.jpeg",11142,1
"4c036e1a3642544ba1062db48018ffc3",1787287077028,23,"tf3_59_M_ss2.jpeg","tf3_59_T1_ss2_pd.jpeg",8875,1
"4c036e1a3642544ba1062db48018ffc3",1787287088487,24,"tf3_75_M_ss3.jpeg","tf3_75_T1_ss3_pd.jpeg",10154,1
"4c036e1a3642544ba1062db48018ffc3",1787287103278,25,"tf3_78_M_ss3.jpeg","tf3_78_T1_ss3_pd.jpeg",13487,1
"4c036e1a3642544ba1062db48018ffc3",1787287111853,26,"tf2_42_M_ss1.jpeg","tf2_42_T1_ss1_pd.jpeg",7271,1
"4c036e1a3642544ba1062db48018ffc3",1787287128455,27,"tf1_72_M_ss2.jpeg","tf1_72_T1_ss2_pd.jpeg",15296,1
"4c036e1a3642544ba1062db48018ffc3",1787287147678,28,"tf3_44_M_ss2.jpeg","tf3_44_T1_ss2_pd.jpeg",17918,1
"4c036e1a3642544ba1062db48018ffc3",1787287162687,29,"tf3_66_M_ss3.jpeg","tf3_66_T1_ss3_pd.jpeg",13704,1
"4c036e1a3642544ba1062db48018ffc3",1787287177120,30,"tf2_46_M_ss2.jpeg","tf2_46_T1_ss2_pd.jpeg",13127,1
"b9e8baeeba4e1fe33f9307d61b120b0b",1787288523961,1,"tf3_3_M_ss3.jpeg","tf3_3_T4_ss3_pd.jpeg",1049,0
"b9e8baeeba4e1fe33f9307d61b120b0b",1787288525773,2,"tf3_33_M_ss3.jpeg","tf3_33_T1_ss3_pd.jpeg",495,1
"b9e8baeeba4e1fe33f9307d61b120b0b",1787288527599,3,"tf2_2_M_ss3.jpeg","tf2_2_T2_ss3_pd.jpeg",515,0
"b9e8baeeba4e1fe33f9307d61b120b0b",1787288529262,4,"tf2_41_M_ss3.jpeg","tf2_41_T4_ss3_pd.jpeg",353,0
"b9e8baeeba4e1fe33f9307d61b120b0b",1787288530948,5,"tf1_1_M_ss3.jpeg","tf1_1_T1_ss3_pd.jpeg",364,1
"b9e8baeeba4e1fe33f9307d61b120b0b",1787288532738,6,"tf1_57_M_ss2.jpeg","tf1_57_T4_ss2_pd.jpeg",480,0
"b9e8baeeba4e1fe33f9307d61b120b0b",1787288534415,7,"tf3_21_M_ss3.jpeg","tf3_21_T3_ss3_pd.jpeg",360,0
"b9e8baeeba4e1fe33f9307d61b120b0b",1787288536081,8,"tf1_80_M_ss1.jpeg","tf1_80_T2_ss1_pd.jpeg",342,0
"b9e8baeeba4e1fe33f9307d61b120b0b",1787288537736,9,"tf1_74_M_ss1.jpeg","tf1_74_T1_ss1_pd.jpeg",341,1
"b9e8baeeba4e1fe33f9307d61b120b0b",1787288539367,10,"tf3_35_M_ss2.jpeg","tf3_35_T3_ss2_pd.jpeg",325,0
"b9e8baeeba4e1fe33f9307d61b120b0b",1787288541019,11,"tf3_66_M_ss3.jpeg","tf3_66_T3_ss3_pd.jpeg",339,0
"b9e8baeeba4e1fe33f9307d61b120b0b",1787288542662,12,"tf1_55_M_ss3.jpeg","tf1_55_T3_ss3_pd.jpeg",321,0
"b9e8baeeba4e1fe33f9307d61b120b0b",1787288544341,13,"tf2_46_M_ss2.jpeg","tf2_46_T3_ss2_pd.jpeg",364,0
"b9e8baeeba4e1fe33f9307d61b120b0b",1787288546027,14,"tf2_58_M_ss2.jpeg","tf2_58_T1_ss2_md.jpeg",365,1
"b9e8baeeba4e1fe33f9307d61b120b0b",1787288547711,15,"tf3_44_M_ss2.jpeg","tf3_44_T4_ss2_pd.jpeg",373,0
"b9e8baeeba4e1fe33f9307d61b120b0b",1787288550003,16,"tf3_78_M_ss3.jpeg","tf3_78_T4_ss3_pd.jpeg",975,0
"b9e8baeeba4e1fe33f9307d61b120b0b",1787288551864,17,"tf3_17_M_ss2.jpeg","tf3_17_T2_ss2_pd.jpeg",545,0
"b9e8baeeba4e1fe33f9307d61b120b0b",1787288553557,18,"tf2_24_M_ss1.jpeg","tf2_24_T1_ss1_pd.jpeg",381,1
"b9e8baeeba4e1fe33f9307d61b120b0b",1787288555180,19,"tf2_42_M_ss1.jpeg","tf2_42_T2_ss1_pd.jpeg",313,0
"b9e8baeeba4e1fe33f9307d61b120b0b",1787288556782,20,"tf3_75_M_ss3.jpeg","tf3_75_T3_ss3_pd.jpeg",295,0
"b9e8baeeba4e1fe33f9307d61b120b0b",1787288558577,21,"tf2_30_M_ss1.jpeg","tf2_30_T1_ss1_pd.jpeg",485,1
"b9e8baeeba4e1fe33f9307d61b120b0b",1787288560253,22,"tf2_45_M_ss1.jpeg","tf2_45_T1_ss1_pd.jpeg",367,1
"b9e8baeeba4e1fe33f9307d61b120b0b",1787288562083,23,"tf2_29_M_ss3.jpeg","tf2_29_T4_ss3_pd.jpeg",524,0
"b9e8baeeba4e1fe33f9307d61b120b0b",1787288563727,24,"tf1_72_M_ss2.jpeg","tf1_72_T4_ss2_pd.jpeg",331,0
"b9e8baeeba4e1fe33f9307d61b120b0b",1787288565363,25,"tf2_36_M_ss1.jpeg","tf2_36_T3_ss1_pd.jpeg",323,0
"b9e8baeeba4e1fe33f9307d61b120b0b",1787288567091,26,"tf2_52_M_ss2.jpeg","tf2_52_T1_ss2_pd.jpeg",405,1
"b9e8baeeba4e1fe33f9307d61b120b0b",1787288569121,27,"tf2_63_M_ss1.jpeg","tf2_63_T4_ss1_pd.jpeg",702,0
"b9e8baeeba4e1fe33f9307d61b120b0b",1787288570735,28,"tf1_64_M_ss3.jpeg","tf1_64_T4_ss3_pd.jpeg",304,0
"b9e8baeeba4e1fe33f9307d61b120b0b",1787288573857,29,"tf2_76_M_ss2.jpeg","tf2_76_T4_ss2_pd.jpeg",1804,0
"b9e8baeeba4e1fe33f9307d61b120b0b",1787288575506,30,"tf3_59_M_ss2.jpeg","tf3_59_T3_ss2_pd.jpeg",340,0
"88c2daf357874f7f7d8f750172f1f041",1787271080251,1,"tf3_33_M_ss3.jpeg","tf3_33_T1_ss3_pd.jpeg",20606,1
"88c2daf357874f7f7d8f750172f1f041",1787271084931,2,"tf2_2_M_ss3.jpeg","tf2_2_T1_ss3_pd.jpeg",3369,1
"88c2daf357874f7f7d8f750172f1f041",1787271089081,3,"tf2_41_M_ss3.jpeg","tf2_41_T2_ss3_pd.jpeg",2841,0
"88c2daf357874f7f7d8f750172f1f041",1787271102280,4,"tf1_57_M_ss2.jpeg","tf1_57_T4_ss2_pd.jpeg",11890,0
"88c2daf357874f7f7d8f750172f1f041",1787271106114,5,"tf3_3_M_ss3.jpeg","tf3_3_T1_ss3_pd.jpeg",2523,1
"88c2daf357874f7f7d8f750172f1f041",1787271109230,6,"tf1_1_M_ss3.jpeg","tf1_1_T1_ss3_pd.jpeg",1807,1
"88c2daf357874f7f7d8f750172f1f041",1787271120847,7,"tf2_46_M_ss2.jpeg","tf2_46_T1_ss2_pd.jpeg",10307,1
"88c2daf357874f7f7d8f750172f1f041",1787271126031,8,"tf3_35_M_ss2.jpeg","tf3_35_T3_ss2_pd.jpeg",3875,0
"88c2daf357874f7f7d8f750172f1f041",1787271130729,9,"tf2_76_M_ss2.jpeg","tf2_76_T4_ss2_pd.jpeg",3388,0
"88c2daf357874f7f7d8f750172f1f041",1787271137596,10,"tf3_17_M_ss2.jpeg","tf3_17_T1_ss2_pd.jpeg",5557,1
"88c2daf357874f7f7d8f750172f1f041",1787271140646,11,"tf1_64_M_ss3.jpeg","tf1_64_T1_ss3_pd.jpeg",1741,1
"88c2daf357874f7f7d8f750172f1f041",1787271145846,12,"tf3_78_M_ss3.jpeg","tf3_78_T3_ss3_pd.jpeg",3889,0
"88c2daf357874f7f7d8f750172f1f041",1787271149796,13,"tf1_72_M_ss2.jpeg","tf1_72_T1_ss2_pd.jpeg",2640,1
"88c2daf357874f7f7d8f750172f1f041",1787271153345,14,"tf2_42_M_ss1.jpeg","tf2_42_T1_ss1_pd.jpeg",2240,1
"88c2daf357874f7f7d8f750172f1f041",1787271157379,15,"tf2_30_M_ss1.jpeg","tf2_30_T1_ss1_pd.jpeg",2724,1
"88c2daf357874f7f7d8f750172f1f041",1787271161462,16,"tf1_80_M_ss1.jpeg","tf1_80_T1_ss1_pd.jpeg",2772,1
"88c2daf357874f7f7d8f750172f1f041",1787271166395,17,"tf2_24_M_ss1.jpeg","tf2_24_T3_ss1_pd.jpeg",3625,0
"88c2daf357874f7f7d8f750172f1f041",1787271171813,18,"tf3_21_M_ss3.jpeg","tf3_21_T2_ss3_pd.jpeg",4109,0
"88c2daf357874f7f7d8f750172f1f041",1787271174662,19,"tf3_44_M_ss2.jpeg","tf3_44_T2_ss2_pd.jpeg",1539,0
"88c2daf357874f7f7d8f750172f1f041",1787271177445,20,"tf2_45_M_ss1.jpeg","tf2_45_T2_ss1_pd.jpeg",1474,0
"88c2daf357874f7f7d8f750172f1f041",1787271182261,21,"tf1_74_M_ss1.jpeg","tf1_74_T1_ss1_pd.jpeg",3507,1
"88c2daf357874f7f7d8f750172f1f041",1787271186811,22,"tf2_29_M_ss3.jpeg","tf2_29_T2_ss3_pd.jpeg",3241,0
"88c2daf357874f7f7d8f750172f1f041",1787271192878,23,"tf2_58_M_ss2.jpeg","tf2_58_T1_ss2_md.jpeg",4757,1
"88c2daf357874f7f7d8f750172f1f041",1787271195627,24,"tf2_52_M_ss2.jpeg","tf2_52_T4_ss2_pd.jpeg",1440,0
"88c2daf357874f7f7d8f750172f1f041",1787271198877,25,"tf2_63_M_ss1.jpeg","tf2_63_T1_ss1_pd.jpeg",1941,1
"88c2daf357874f7f7d8f750172f1f041",1787271202044,26,"tf3_75_M_ss3.jpeg","tf3_75_T4_ss3_pd.jpeg",1858,0
"88c2daf357874f7f7d8f750172f1f041",1787271205227,27,"tf1_55_M_ss3.jpeg","tf1_55_T4_ss3_pd.jpeg",1879,0
"88c2daf357874f7f7d8f750172f1f041",1787271208394,28,"tf3_66_M_ss3.jpeg","tf3_66_T2_ss3_pd.jpeg",1857,0
"88c2daf357874f7f7d8f750172f1f041",1787271211928,29,"tf3_59_M_ss2.jpeg","tf3_59_T4_ss2_pd.jpeg",2226,0
"88c2daf357874f7f7d8f750172f1f041",1787271220910,30,"tf2_36_M_ss1.jpeg","tf2_36_T4_ss1_pd.jpeg",7673,0
"3a59492ead2d05e8aa03f8f35ef5eb3c",1787289317007,1,"tf3_33_M_ss3.jpeg","tf3_33_T1_ss3_pd.jpeg",15809,1
"3a59492ead2d05e8aa03f8f35ef5eb3c",1787289323557,2,"tf2_2_M_ss3.jpeg","tf2_2_T1_ss3_pd.jpeg",5245,1
"3a59492ead2d05e8aa03f8f35ef5eb3c",1787289329247,3,"tf1_1_M_ss3.jpeg","tf1_1_T1_ss3_pd.jpeg",4382,1
"3a59492ead2d05e8aa03f8f35ef5eb3c",1787289343697,4,"tf1_57_M_ss2.jpeg","tf1_57_T1_ss2_pd.jpeg",13145,1
"3a59492ead2d05e8aa03f8f35ef5eb3c",1787289348206,5,"tf3_3_M_ss3.jpeg","tf3_3_T1_ss3_pd.jpeg",3205,1
"3a59492ead2d05e8aa03f8f35ef5eb3c",1787289358264,6,"tf2_41_M_ss3.jpeg","tf2_41_T1_ss3_pd.jpeg",8753,1
"3a59492ead2d05e8aa03f8f35ef5eb3c",1787289389060,7,"tf2_76_M_ss2.jpeg","tf2_76_T3_ss2_pd.jpeg",29492,0
"3a59492ead2d05e8aa03f8f35ef5eb3c",1787289418651,8,"tf3_44_M_ss2.jpeg","tf3_44_T3_ss2_pd.jpeg",28284,0
"3a59492ead2d05e8aa03f8f35ef5eb3c",1787289444043,9,"tf1_55_M_ss3.jpeg","tf1_55_T3_ss3_pd.jpeg",24086,0
"3a59492ead2d05e8aa03f8f35ef5eb3c",1787289474842,10,"tf2_30_M_ss1.jpeg","tf2_30_T1_ss1_pd.jpeg",29493,1
"3a59492ead2d05e8aa03f8f35ef5eb3c",1787289504496,11,"tf2_42_M_ss1.jpeg","tf2_42_T2_ss1_pd.jpeg",28350,0
"3a59492ead2d05e8aa03f8f35ef5eb3c",1787289534227,12,"tf2_24_M_ss1.jpeg","tf2_24_T1_ss1_pd.jpeg",28426,1
"3a59492ead2d05e8aa03f8f35ef5eb3c",1787289555850,13,"tf2_58_M_ss2.jpeg","tf2_58_T1_ss2_md.jpeg",20320,1
"3a59492ead2d05e8aa03f8f35ef5eb3c",1787289564121,14,"tf3_17_M_ss2.jpeg","tf3_17_T1_ss2_pd.jpeg",6967,1
"3a59492ead2d05e8aa03f8f35ef5eb3c",1787289587304,15,"tf2_45_M_ss1.jpeg","tf2_45_T1_ss1_pd.jpeg",21878,1
"3a59492ead2d05e8aa03f8f35ef5eb3c",1787289612103,16,"tf1_64_M_ss3.jpeg","tf1_64_T1_ss3_pd.jpeg",23494,1
"3a59492ead2d05e8aa03f8f35ef5eb3c",1787289623467,17,"tf2_29_M_ss3.jpeg","tf2_29_T1_ss3_pd.jpeg",10060,1
"3a59492ead2d05e8aa03f8f35ef5eb3c",1787289653312,18,"tf2_63_M_ss1.jpeg","tf2_63_T1_ss1_pd.jpeg",28540,1
"3a59492ead2d05e8aa03f8f35ef5eb3c",1787289683991,19,"tf3_21_M_ss3.jpeg","tf3_21_T3_ss3_pd.jpeg",29374,0
"3a59492ead2d05e8aa03f8f35ef5eb3c",1787289714703,20,"tf3_78_M_ss3.jpeg","tf3_78_T1_ss3_pd.jpeg",29408,1
"3a59492ead2d05e8aa03f8f35ef5eb3c",1787289746010,21,"tf2_36_M_ss1.jpeg",NA,30000,0
"3a59492ead2d05e8aa03f8f35ef5eb3c",1787289762506,22,"tf1_72_M_ss2.jpeg","tf1_72_T1_ss2_pd.jpeg",15187,1
"3a59492ead2d05e8aa03f8f35ef5eb3c",1787289792755,23,"tf2_46_M_ss2.jpeg","tf2_46_T1_ss2_pd.jpeg",28944,1
"3a59492ead2d05e8aa03f8f35ef5eb3c",1787289807086,24,"tf2_52_M_ss2.jpeg","tf2_52_T1_ss2_pd.jpeg",13029,1
"3a59492ead2d05e8aa03f8f35ef5eb3c",1787289837874,25,"tf1_74_M_ss1.jpeg","tf1_74_T2_ss1_pd.jpeg",29483,0
"3a59492ead2d05e8aa03f8f35ef5eb3c",1787289866677,26,"tf1_80_M_ss1.jpeg","tf1_80_T1_ss1_pd.jpeg",27497,1
"3a59492ead2d05e8aa03f8f35ef5eb3c",1787289893103,27,"tf3_75_M_ss3.jpeg","tf3_75_T1_ss3_pd.jpeg",25122,1
"3a59492ead2d05e8aa03f8f35ef5eb3c",1787289913038,28,"tf3_66_M_ss3.jpeg","tf3_66_T4_ss3_pd.jpeg",18631,0
"3a59492ead2d05e8aa03f8f35ef5eb3c",1787289931385,29,"tf3_35_M_ss2.jpeg","tf3_35_T1_ss2_pd.jpeg",17042,1
"3a59492ead2d05e8aa03f8f35ef5eb3c",1787289946186,30,"tf3_59_M_ss2.jpeg","tf3_59_T1_ss2_pd.jpeg",13498,1
"c14df5757dc8ba39cae25b1b24483440",1787289702561,1,"tf2_2_M_ss3.jpeg","tf2_2_T1_ss3_pd.jpeg",3703,1
"c14df5757dc8ba39cae25b1b24483440",1787289711256,2,"tf2_41_M_ss3.jpeg","tf2_41_T1_ss3_pd.jpeg",7387,1
"c14df5757dc8ba39cae25b1b24483440",1787289716664,3,"tf1_1_M_ss3.jpeg","tf1_1_T1_ss3_pd.jpeg",4099,1
"c14df5757dc8ba39cae25b1b24483440",1787289727637,4,"tf3_33_M_ss3.jpeg","tf3_33_T1_ss3_pd.jpeg",9662,1
"c14df5757dc8ba39cae25b1b24483440",1787289730979,5,"tf3_3_M_ss3.jpeg","tf3_3_T1_ss3_pd.jpeg",2034,1
"c14df5757dc8ba39cae25b1b24483440",1787289738534,6,"tf1_57_M_ss2.jpeg","tf1_57_T1_ss2_pd.jpeg",6245,1
"c14df5757dc8ba39cae25b1b24483440",1787289749412,7,"tf1_55_M_ss3.jpeg","tf1_55_T3_ss3_pd.jpeg",9573,0
"c14df5757dc8ba39cae25b1b24483440",1787289764691,8,"tf2_76_M_ss2.jpeg","tf2_76_T1_ss2_pd.jpeg",13975,1
"c14df5757dc8ba39cae25b1b24483440",1787289780576,9,"tf3_17_M_ss2.jpeg","tf3_17_T2_ss2_pd.jpeg",14577,0
"c14df5757dc8ba39cae25b1b24483440",1787289795498,10,"tf1_80_M_ss1.jpeg","tf1_80_T2_ss1_pd.jpeg",13610,0
"c14df5757dc8ba39cae25b1b24483440",1787289805288,11,"tf3_59_M_ss2.jpeg","tf3_59_T1_ss2_pd.jpeg",8481,1
"c14df5757dc8ba39cae25b1b24483440",1787289819286,12,"tf3_78_M_ss3.jpeg","tf3_78_T2_ss3_pd.jpeg",12693,0
"c14df5757dc8ba39cae25b1b24483440",1787289834257,13,"tf2_63_M_ss1.jpeg","tf2_63_T1_ss1_pd.jpeg",13659,1
"c14df5757dc8ba39cae25b1b24483440",1787289851211,14,"tf1_74_M_ss1.jpeg","tf1_74_T2_ss1_pd.jpeg",15645,0
"c14df5757dc8ba39cae25b1b24483440",1787289867164,15,"tf2_30_M_ss1.jpeg","tf2_30_T1_ss1_pd.jpeg",14645,1
"c14df5757dc8ba39cae25b1b24483440",1787289880116,16,"tf2_29_M_ss3.jpeg","tf2_29_T4_ss3_pd.jpeg",11644,0
"c14df5757dc8ba39cae25b1b24483440",1787289894191,17,"tf1_72_M_ss2.jpeg","tf1_72_T1_ss2_pd.jpeg",12767,1
"c14df5757dc8ba39cae25b1b24483440",1787289910860,18,"tf1_64_M_ss3.jpeg","tf1_64_T4_ss3_pd.jpeg",15362,0
"c14df5757dc8ba39cae25b1b24483440",1787289929157,19,"tf3_75_M_ss3.jpeg","tf3_75_T2_ss3_pd.jpeg",16981,0
"c14df5757dc8ba39cae25b1b24483440",1787289946168,20,"tf2_46_M_ss2.jpeg","tf2_46_T1_ss2_pd.jpeg",15702,1
"c14df5757dc8ba39cae25b1b24483440",1787289956032,21,"tf2_52_M_ss2.jpeg","tf2_52_T1_ss2_pd.jpeg",8559,1
"c14df5757dc8ba39cae25b1b24483440",1787289970639,22,"tf2_58_M_ss2.jpeg","tf2_58_T1_ss2_md.jpeg",13298,1
"c14df5757dc8ba39cae25b1b24483440",1787289981668,23,"tf2_45_M_ss1.jpeg","tf2_45_T3_ss1_pd.jpeg",9724,0
"c14df5757dc8ba39cae25b1b24483440",1787290011323,24,"tf3_66_M_ss3.jpeg","tf3_66_T3_ss3_pd.jpeg",28344,0
"c14df5757dc8ba39cae25b1b24483440",1787290025240,25,"tf3_35_M_ss2.jpeg","tf3_35_T1_ss2_pd.jpeg",12607,1
"c14df5757dc8ba39cae25b1b24483440",1787290049340,26,"tf2_36_M_ss1.jpeg","tf2_36_T4_ss1_pd.jpeg",22791,0
"c14df5757dc8ba39cae25b1b24483440",1787290071901,27,"tf3_21_M_ss3.jpeg","tf3_21_T1_ss3_pd.jpeg",21252,1
"c14df5757dc8ba39cae25b1b24483440",1787290095137,28,"tf2_42_M_ss1.jpeg","tf2_42_T1_ss1_pd.jpeg",21933,1
"c14df5757dc8ba39cae25b1b24483440",1787290114962,29,"tf3_44_M_ss2.jpeg","tf3_44_T3_ss2_pd.jpeg",18518,0
"c14df5757dc8ba39cae25b1b24483440",1787290141464,30,"tf2_24_M_ss1.jpeg","tf2_24_T1_ss1_pd.jpeg",25194,1
"ceb1c4ca87191031d228f684ecd9e7d0",1787290418009,1,"tf1_1_M_ss3.jpeg","tf1_1_T1_ss3_pd.jpeg",1906,1
"ceb1c4ca87191031d228f684ecd9e7d0",1787290420785,2,"tf3_3_M_ss3.jpeg","tf3_3_T1_ss3_pd.jpeg",1458,1
"ceb1c4ca87191031d228f684ecd9e7d0",1787290424923,3,"tf2_2_M_ss3.jpeg","tf2_2_T1_ss3_pd.jpeg",2811,1
"ceb1c4ca87191031d228f684ecd9e7d0",1787290435045,4,"tf1_57_M_ss2.jpeg","tf1_57_T1_ss2_pd.jpeg",8811,1
"ceb1c4ca87191031d228f684ecd9e7d0",1787290440956,5,"tf2_41_M_ss3.jpeg","tf2_41_T1_ss3_pd.jpeg",4598,1
"ceb1c4ca87191031d228f684ecd9e7d0",1787290444458,6,"tf3_33_M_ss3.jpeg","tf3_33_T4_ss3_pd.jpeg",2199,0
"ceb1c4ca87191031d228f684ecd9e7d0",1787290467314,7,"tf3_44_M_ss2.jpeg","tf3_44_T4_ss2_pd.jpeg",21528,0
"ceb1c4ca87191031d228f684ecd9e7d0",1787290485658,8,"tf3_17_M_ss2.jpeg","tf3_17_T1_ss2_pd.jpeg",17032,1
"ceb1c4ca87191031d228f684ecd9e7d0",1787290507413,9,"tf1_80_M_ss1.jpeg","tf1_80_T3_ss1_pd.jpeg",20435,0
"ceb1c4ca87191031d228f684ecd9e7d0",1787290514085,10,"tf1_74_M_ss1.jpeg","tf1_74_T1_ss1_pd.jpeg",5358,1
"ceb1c4ca87191031d228f684ecd9e7d0",1787290535671,11,"tf2_30_M_ss1.jpeg","tf2_30_T3_ss1_pd.jpeg",20269,0
"ceb1c4ca87191031d228f684ecd9e7d0",1787290548719,12,"tf1_55_M_ss3.jpeg","tf1_55_T2_ss3_pd.jpeg",11741,0
"ceb1c4ca87191031d228f684ecd9e7d0",1787290571240,13,"tf3_21_M_ss3.jpeg","tf3_21_T4_ss3_pd.jpeg",21193,0
"ceb1c4ca87191031d228f684ecd9e7d0",1787290593726,14,"tf2_76_M_ss2.jpeg","tf2_76_T1_ss2_pd.jpeg",21176,1
"ceb1c4ca87191031d228f684ecd9e7d0",1787290608758,15,"tf3_59_M_ss2.jpeg","tf3_59_T3_ss2_pd.jpeg",13724,0
"ceb1c4ca87191031d228f684ecd9e7d0",1787290614822,16,"tf2_29_M_ss3.jpeg","tf2_29_T1_ss3_pd.jpeg",4755,1
"ceb1c4ca87191031d228f684ecd9e7d0",1787290633956,17,"tf3_66_M_ss3.jpeg","tf3_66_T2_ss3_pd.jpeg",17829,0
"ceb1c4ca87191031d228f684ecd9e7d0",1787290638547,18,"tf2_24_M_ss1.jpeg","tf2_24_T4_ss1_pd.jpeg",3278,0
"ceb1c4ca87191031d228f684ecd9e7d0",1787290647599,19,"tf2_36_M_ss1.jpeg","tf2_36_T4_ss1_pd.jpeg",7727,0
"ceb1c4ca87191031d228f684ecd9e7d0",1787290654575,20,"tf2_46_M_ss2.jpeg","tf2_46_T4_ss2_pd.jpeg",5663,0
"ceb1c4ca87191031d228f684ecd9e7d0",1787290670209,21,"tf3_78_M_ss3.jpeg","tf3_78_T4_ss3_pd.jpeg",14320,0
"ceb1c4ca87191031d228f684ecd9e7d0",1787290684635,22,"tf3_35_M_ss2.jpeg","tf3_35_T3_ss2_pd.jpeg",13101,0
"ceb1c4ca87191031d228f684ecd9e7d0",1787290708730,23,"tf2_42_M_ss1.jpeg","tf2_42_T1_ss1_pd.jpeg",22782,1
"ceb1c4ca87191031d228f684ecd9e7d0",1787290720373,24,"tf1_64_M_ss3.jpeg","tf1_64_T3_ss3_pd.jpeg",10322,0
"ceb1c4ca87191031d228f684ecd9e7d0",1787290733550,25,"tf2_58_M_ss2.jpeg","tf2_58_T3_ss2_md.jpeg",11859,0
"ceb1c4ca87191031d228f684ecd9e7d0",1787290737262,26,"tf2_45_M_ss1.jpeg","tf2_45_T4_ss1_pd.jpeg",2403,0
"ceb1c4ca87191031d228f684ecd9e7d0",1787290740070,27,"tf3_75_M_ss3.jpeg","tf3_75_T1_ss3_pd.jpeg",1500,1
"ceb1c4ca87191031d228f684ecd9e7d0",1787290743651,28,"tf2_52_M_ss2.jpeg","tf2_52_T1_ss2_pd.jpeg",2270,1
"ceb1c4ca87191031d228f684ecd9e7d0",1787290750234,29,"tf2_63_M_ss1.jpeg","tf2_63_T1_ss1_pd.jpeg",5264,1
"ceb1c4ca87191031d228f684ecd9e7d0",1787290756042,30,"tf1_72_M_ss2.jpeg","tf1_72_T1_ss2_pd.jpeg",4477,1
"83712c87106bfe4b9d218ded80760609",1787291535834,1,"tf2_41_M_ss3.jpeg","tf2_41_T2_ss3_pd.jpeg",1788,0
"83712c87106bfe4b9d218ded80760609",1787291539020,2,"tf1_1_M_ss3.jpeg","tf1_1_T1_ss3_pd.jpeg",1882,1
"83712c87106bfe4b9d218ded80760609",1787291542870,3,"tf2_2_M_ss3.jpeg","tf2_2_T1_ss3_pd.jpeg",2548,1
"83712c87106bfe4b9d218ded80760609",1787291548804,4,"tf3_33_M_ss3.jpeg","tf3_33_T4_ss3_pd.jpeg",4630,0
"83712c87106bfe4b9d218ded80760609",1787291552964,5,"tf1_57_M_ss2.jpeg","tf1_57_T2_ss2_pd.jpeg",2856,0
"83712c87106bfe4b9d218ded80760609",1787291556477,6,"tf3_3_M_ss3.jpeg","tf3_3_T1_ss3_pd.jpeg",2209,1
"83712c87106bfe4b9d218ded80760609",1787291566810,7,"tf2_29_M_ss3.jpeg","tf2_29_T3_ss3_pd.jpeg",9030,0
"83712c87106bfe4b9d218ded80760609",1787291576301,8,"tf2_52_M_ss2.jpeg","tf2_52_T3_ss2_pd.jpeg",8187,0
"83712c87106bfe4b9d218ded80760609",1787291580704,9,"tf2_76_M_ss2.jpeg","tf2_76_T1_ss2_pd.jpeg",3101,1
"83712c87106bfe4b9d218ded80760609",1787291590872,10,"tf1_74_M_ss1.jpeg","tf1_74_T1_ss1_pd.jpeg",8864,1
"83712c87106bfe4b9d218ded80760609",1787291593532,11,"tf2_63_M_ss1.jpeg","tf2_63_T4_ss1_pd.jpeg",1356,0
"83712c87106bfe4b9d218ded80760609",1787291596418,12,"tf3_78_M_ss3.jpeg","tf3_78_T2_ss3_pd.jpeg",1583,0
"83712c87106bfe4b9d218ded80760609",1787291598674,13,"tf3_35_M_ss2.jpeg","tf3_35_T2_ss2_pd.jpeg",953,0
"83712c87106bfe4b9d218ded80760609",1787291600856,14,"tf3_75_M_ss3.jpeg","tf3_75_T4_ss3_pd.jpeg",878,0
"83712c87106bfe4b9d218ded80760609",1787291607016,15,"tf3_66_M_ss3.jpeg","tf3_66_T2_ss3_pd.jpeg",4856,0
"83712c87106bfe4b9d218ded80760609",1787291617388,16,"tf2_46_M_ss2.jpeg","tf2_46_T3_ss2_pd.jpeg",9068,0
"83712c87106bfe4b9d218ded80760609",1787291625335,17,"tf2_36_M_ss1.jpeg","tf2_36_T1_ss1_pd.jpeg",6644,1
"83712c87106bfe4b9d218ded80760609",1787291631293,18,"tf2_24_M_ss1.jpeg","tf2_24_T4_ss1_pd.jpeg",4655,0
"83712c87106bfe4b9d218ded80760609",1787291634227,19,"tf3_21_M_ss3.jpeg","tf3_21_T1_ss3_pd.jpeg",1631,1
"83712c87106bfe4b9d218ded80760609",1787291637816,20,"tf2_45_M_ss1.jpeg","tf2_45_T2_ss1_pd.jpeg",2285,0
"83712c87106bfe4b9d218ded80760609",1787291640159,21,"tf3_59_M_ss2.jpeg","tf3_59_T1_ss2_pd.jpeg",1040,1
"83712c87106bfe4b9d218ded80760609",1787291642036,22,"tf2_58_M_ss2.jpeg","tf2_58_T3_ss2_md.jpeg",573,0
"83712c87106bfe4b9d218ded80760609",1787291644250,23,"tf1_80_M_ss1.jpeg","tf1_80_T1_ss1_pd.jpeg",910,1
"83712c87106bfe4b9d218ded80760609",1787291646016,24,"tf3_44_M_ss2.jpeg","tf3_44_T4_ss2_pd.jpeg",463,0
"83712c87106bfe4b9d218ded80760609",1787291647931,25,"tf2_42_M_ss1.jpeg","tf2_42_T3_ss1_pd.jpeg",610,0
"83712c87106bfe4b9d218ded80760609",1787291649767,26,"tf1_64_M_ss3.jpeg","tf1_64_T2_ss3_pd.jpeg",532,0
"83712c87106bfe4b9d218ded80760609",1787291652192,27,"tf1_72_M_ss2.jpeg","tf1_72_T4_ss2_pd.jpeg",1121,0
"83712c87106bfe4b9d218ded80760609",1787291653932,28,"tf3_17_M_ss2.jpeg","tf3_17_T3_ss2_pd.jpeg",436,0
"83712c87106bfe4b9d218ded80760609",1787291655864,29,"tf1_55_M_ss3.jpeg","tf1_55_T4_ss3_pd.jpeg",627,0
"83712c87106bfe4b9d218ded80760609",1787291658991,30,"tf2_30_M_ss1.jpeg","tf2_30_T3_ss1_pd.jpeg",1823,0
"3402652b03c74e8fecf4330ec0d814b3",1787301718247,1,"tf3_3_M_ss3.jpeg","tf3_3_T1_ss3_pd.jpeg",4164,1
"3402652b03c74e8fecf4330ec0d814b3",1787301727832,2,"tf2_41_M_ss3.jpeg","tf2_41_T1_ss3_pd.jpeg",8282,1
"3402652b03c74e8fecf4330ec0d814b3",1787301740938,3,"tf2_2_M_ss3.jpeg","tf2_2_T1_ss3_pd.jpeg",11803,1
"3402652b03c74e8fecf4330ec0d814b3",1787301750703,4,"tf3_33_M_ss3.jpeg","tf3_33_T1_ss3_pd.jpeg",8462,1
"3402652b03c74e8fecf4330ec0d814b3",1787301755124,5,"tf1_1_M_ss3.jpeg","tf1_1_T1_ss3_pd.jpeg",3118,1
"3402652b03c74e8fecf4330ec0d814b3",1787301763922,6,"tf1_57_M_ss2.jpeg","tf1_57_T1_ss2_pd.jpeg",7494,1
"3402652b03c74e8fecf4330ec0d814b3",1787301783429,7,"tf2_58_M_ss2.jpeg","tf2_58_T1_ss2_md.jpeg",18204,1
"3402652b03c74e8fecf4330ec0d814b3",1787301814735,8,"tf2_36_M_ss1.jpeg",NA,30000,0
"3402652b03c74e8fecf4330ec0d814b3",1787301842369,9,"tf2_29_M_ss3.jpeg","tf2_29_T1_ss3_pd.jpeg",26330,1
"3402652b03c74e8fecf4330ec0d814b3",1787301873674,10,"tf3_21_M_ss3.jpeg",NA,30000,0
"3402652b03c74e8fecf4330ec0d814b3",1787301893151,11,"tf3_66_M_ss3.jpeg","tf3_66_T1_ss3_pd.jpeg",18173,1
"3402652b03c74e8fecf4330ec0d814b3",1787301917618,12,"tf2_46_M_ss2.jpeg","tf2_46_T4_ss2_pd.jpeg",23163,0
"3402652b03c74e8fecf4330ec0d814b3",1787301941223,13,"tf3_44_M_ss2.jpeg","tf3_44_T2_ss2_pd.jpeg",22302,0
"3402652b03c74e8fecf4330ec0d814b3",1787301958964,14,"tf1_80_M_ss1.jpeg","tf1_80_T1_ss1_pd.jpeg",16438,1
"3402652b03c74e8fecf4330ec0d814b3",1787301975682,15,"tf2_76_M_ss2.jpeg","tf2_76_T1_ss2_pd.jpeg",15414,1
"3402652b03c74e8fecf4330ec0d814b3",1787301994695,16,"tf1_55_M_ss3.jpeg","tf1_55_T1_ss3_pd.jpeg",17709,1
"3402652b03c74e8fecf4330ec0d814b3",1787302012155,17,"tf1_72_M_ss2.jpeg","tf1_72_T1_ss2_pd.jpeg",16157,1
"3402652b03c74e8fecf4330ec0d814b3",1787302032573,18,"tf1_74_M_ss1.jpeg","tf1_74_T2_ss1_pd.jpeg",19115,0
"3402652b03c74e8fecf4330ec0d814b3",1787302045309,19,"tf2_42_M_ss1.jpeg","tf2_42_T1_ss1_pd.jpeg",11432,1
"3402652b03c74e8fecf4330ec0d814b3",1787302055726,20,"tf2_24_M_ss1.jpeg","tf2_24_T1_ss1_pd.jpeg",9115,1
"3402652b03c74e8fecf4330ec0d814b3",1787302080184,21,"tf3_78_M_ss3.jpeg","tf3_78_T1_ss3_pd.jpeg",23155,1
"3402652b03c74e8fecf4330ec0d814b3",1787302093436,22,"tf3_75_M_ss3.jpeg","tf3_75_T1_ss3_pd.jpeg",11949,1
"3402652b03c74e8fecf4330ec0d814b3",1787302102335,23,"tf2_30_M_ss1.jpeg","tf2_30_T1_ss1_pd.jpeg",7595,1
"3402652b03c74e8fecf4330ec0d814b3",1787302113383,24,"tf2_52_M_ss2.jpeg","tf2_52_T1_ss2_pd.jpeg",9744,1
"3402652b03c74e8fecf4330ec0d814b3",1787302138740,25,"tf1_64_M_ss3.jpeg","tf1_64_T1_ss3_pd.jpeg",24053,1
"3402652b03c74e8fecf4330ec0d814b3",1787302147617,26,"tf2_45_M_ss1.jpeg","tf2_45_T1_ss1_pd.jpeg",7574,1
"3402652b03c74e8fecf4330ec0d814b3",1787302160700,27,"tf2_63_M_ss1.jpeg","tf2_63_T1_ss1_pd.jpeg",11781,1
"3402652b03c74e8fecf4330ec0d814b3",1787302175089,28,"tf3_35_M_ss2.jpeg","tf3_35_T1_ss2_pd.jpeg",13085,1
"3402652b03c74e8fecf4330ec0d814b3",1787302187059,29,"tf3_17_M_ss2.jpeg","tf3_17_T1_ss2_pd.jpeg",10667,1
"3402652b03c74e8fecf4330ec0d814b3",1787302200582,30,"tf3_59_M_ss2.jpeg","tf3_59_T1_ss2_pd.jpeg",12220,1
"8c145120af8531805340cfe74a8828d3",1787312128354,1,"tf3_3_M_ss3.jpeg","tf3_3_T1_ss3_pd.jpeg",2594,1
"8c145120af8531805340cfe74a8828d3",1787312131592,2,"tf1_1_M_ss3.jpeg","tf1_1_T2_ss3_pd.jpeg",1930,0
"8c145120af8531805340cfe74a8828d3",1787312159085,3,"tf3_33_M_ss3.jpeg","tf3_33_T1_ss3_pd.jpeg",26185,1
"8c145120af8531805340cfe74a8828d3",1787312173279,4,"tf2_2_M_ss3.jpeg","tf2_2_T1_ss3_pd.jpeg",12889,1
"8c145120af8531805340cfe74a8828d3",1787312194905,5,"tf1_57_M_ss2.jpeg","tf1_57_T1_ss2_pd.jpeg",20319,1
"8c145120af8531805340cfe74a8828d3",1787312223309,6,"tf2_41_M_ss3.jpeg","tf2_41_T1_ss3_pd.jpeg",27099,1
"8c145120af8531805340cfe74a8828d3",1787312252804,7,"tf3_66_M_ss3.jpeg","tf3_66_T2_ss3_pd.jpeg",28189,0
"8c145120af8531805340cfe74a8828d3",1787312281702,8,"tf1_80_M_ss1.jpeg","tf1_80_T1_ss1_pd.jpeg",27591,1
"8c145120af8531805340cfe74a8828d3",1787312311270,9,"tf3_78_M_ss3.jpeg","tf3_78_T2_ss3_pd.jpeg",28260,0
"8c145120af8531805340cfe74a8828d3",1787312342382,10,"tf2_58_M_ss2.jpeg","tf2_58_T3_ss2_md.jpeg",29806,0
"8c145120af8531805340cfe74a8828d3",1787312371532,11,"tf2_42_M_ss1.jpeg","tf2_42_T4_ss1_pd.jpeg",27843,0
"8c145120af8531805340cfe74a8828d3",1787312398958,12,"tf2_63_M_ss1.jpeg","tf2_63_T2_ss1_pd.jpeg",26122,0
"8c145120af8531805340cfe74a8828d3",1787312429314,13,"tf3_17_M_ss2.jpeg","tf3_17_T3_ss2_pd.jpeg",29051,0
"8c145120af8531805340cfe74a8828d3",1787312458279,14,"tf1_64_M_ss3.jpeg","tf1_64_T1_ss3_pd.jpeg",27660,1
"8c145120af8531805340cfe74a8828d3",1787312488808,15,"tf1_74_M_ss1.jpeg","tf1_74_T1_ss1_pd.jpeg",29222,1
"8c145120af8531805340cfe74a8828d3",1787312518276,16,"tf3_59_M_ss2.jpeg","tf3_59_T2_ss2_pd.jpeg",28162,0
"8c145120af8531805340cfe74a8828d3",1787312547277,17,"tf1_72_M_ss2.jpeg","tf1_72_T4_ss2_pd.jpeg",27697,0
"8c145120af8531805340cfe74a8828d3",1787312576836,18,"tf3_44_M_ss2.jpeg","tf3_44_T3_ss2_pd.jpeg",28253,0
"8c145120af8531805340cfe74a8828d3",1787312607440,19,"tf3_75_M_ss3.jpeg","tf3_75_T1_ss3_pd.jpeg",29297,1
"8c145120af8531805340cfe74a8828d3",1787312619062,20,"tf2_24_M_ss1.jpeg","tf2_24_T3_ss1_pd.jpeg",10316,0
"8c145120af8531805340cfe74a8828d3",1787312635692,21,"tf2_29_M_ss3.jpeg","tf2_29_T3_ss3_pd.jpeg",15326,0
"8c145120af8531805340cfe74a8828d3",1787312645363,22,"tf2_76_M_ss2.jpeg","tf2_76_T1_ss2_pd.jpeg",8366,1
"8c145120af8531805340cfe74a8828d3",1787312661922,23,"tf2_45_M_ss1.jpeg","tf2_45_T1_ss1_pd.jpeg",15253,1
"8c145120af8531805340cfe74a8828d3",1787312691478,24,"tf2_46_M_ss2.jpeg","tf2_46_T4_ss2_pd.jpeg",28250,0
"8c145120af8531805340cfe74a8828d3",1787312722788,25,"tf2_36_M_ss1.jpeg",NA,30000,0
"8c145120af8531805340cfe74a8828d3",1787312738933,26,"tf1_55_M_ss3.jpeg","tf1_55_T1_ss3_pd.jpeg",14837,1
"8c145120af8531805340cfe74a8828d3",1787312755906,27,"tf3_21_M_ss3.jpeg","tf3_21_T1_ss3_pd.jpeg",15667,1
"8c145120af8531805340cfe74a8828d3",1787312768848,28,"tf2_30_M_ss1.jpeg","tf2_30_T3_ss1_pd.jpeg",11636,0
"8c145120af8531805340cfe74a8828d3",1787312780615,29,"tf2_52_M_ss2.jpeg","tf2_52_T3_ss2_pd.jpeg",10462,0
"8c145120af8531805340cfe74a8828d3",1787312800828,30,"tf3_35_M_ss2.jpeg","tf3_35_T3_ss2_pd.jpeg",18908,0
"f16704cdd0b54193481b8049237c7ef1",1787314631267,1,"tf3_33_M_ss3.jpeg","tf3_33_T2_ss3_pd.jpeg",6194,0
"f16704cdd0b54193481b8049237c7ef1",1787314641393,2,"tf2_41_M_ss3.jpeg","tf2_41_T1_ss3_pd.jpeg",8820,1
"f16704cdd0b54193481b8049237c7ef1",1787314651725,3,"tf2_2_M_ss3.jpeg","tf2_2_T1_ss3_pd.jpeg",9025,1
"f16704cdd0b54193481b8049237c7ef1",1787314664176,4,"tf1_57_M_ss2.jpeg","tf1_57_T2_ss2_pd.jpeg",11144,0
"f16704cdd0b54193481b8049237c7ef1",1787314670377,5,"tf1_1_M_ss3.jpeg","tf1_1_T1_ss3_pd.jpeg",4897,1
"f16704cdd0b54193481b8049237c7ef1",1787314674112,6,"tf3_3_M_ss3.jpeg","tf3_3_T1_ss3_pd.jpeg",2428,1
"f16704cdd0b54193481b8049237c7ef1",1787314692685,7,"tf1_80_M_ss1.jpeg","tf1_80_T1_ss1_pd.jpeg",17271,1
"f16704cdd0b54193481b8049237c7ef1",1787314713197,8,"tf2_52_M_ss2.jpeg","tf2_52_T1_ss2_pd.jpeg",19209,1
"f16704cdd0b54193481b8049237c7ef1",1787314743820,9,"tf2_46_M_ss2.jpeg","tf2_46_T4_ss2_pd.jpeg",29319,0
"f16704cdd0b54193481b8049237c7ef1",1787314763587,10,"tf2_63_M_ss1.jpeg","tf2_63_T1_ss1_pd.jpeg",18464,1
"f16704cdd0b54193481b8049237c7ef1",1787314774810,11,"tf2_45_M_ss1.jpeg","tf2_45_T1_ss1_pd.jpeg",9917,1
"f16704cdd0b54193481b8049237c7ef1",1787314792258,12,"tf1_74_M_ss1.jpeg","tf1_74_T1_ss1_pd.jpeg",16146,1
"f16704cdd0b54193481b8049237c7ef1",1787314814632,13,"tf1_64_M_ss3.jpeg","tf1_64_T2_ss3_pd.jpeg",21071,0
"f16704cdd0b54193481b8049237c7ef1",1787314826016,14,"tf1_72_M_ss2.jpeg","tf1_72_T1_ss2_pd.jpeg",10081,1
"f16704cdd0b54193481b8049237c7ef1",1787314834259,15,"tf2_58_M_ss2.jpeg","tf2_58_T1_ss2_md.jpeg",6939,1
"f16704cdd0b54193481b8049237c7ef1",1787314846504,16,"tf3_35_M_ss2.jpeg","tf3_35_T3_ss2_pd.jpeg",10939,0
"f16704cdd0b54193481b8049237c7ef1",1787314850435,17,"tf1_55_M_ss3.jpeg","tf1_55_T3_ss3_pd.jpeg",2627,0
"f16704cdd0b54193481b8049237c7ef1",1787314862607,18,"tf2_24_M_ss1.jpeg","tf2_24_T2_ss1_pd.jpeg",10870,0
"f16704cdd0b54193481b8049237c7ef1",1787314876120,19,"tf2_36_M_ss1.jpeg","tf2_36_T1_ss1_pd.jpeg",12204,1
"f16704cdd0b54193481b8049237c7ef1",1787314881217,20,"tf2_30_M_ss1.jpeg","tf2_30_T2_ss1_pd.jpeg",3795,0
"f16704cdd0b54193481b8049237c7ef1",1787314886050,21,"tf3_21_M_ss3.jpeg","tf3_21_T2_ss3_pd.jpeg",3526,0
"f16704cdd0b54193481b8049237c7ef1",1787314914484,22,"tf2_29_M_ss3.jpeg","tf2_29_T2_ss3_pd.jpeg",27132,0
"f16704cdd0b54193481b8049237c7ef1",1787314916871,23,"tf3_66_M_ss3.jpeg","tf3_66_T2_ss3_pd.jpeg",1085,0
"f16704cdd0b54193481b8049237c7ef1",1787314919260,24,"tf3_17_M_ss2.jpeg","tf3_17_T3_ss2_pd.jpeg",1086,0
"f16704cdd0b54193481b8049237c7ef1",1787314921300,25,"tf3_78_M_ss3.jpeg","tf3_78_T3_ss3_pd.jpeg",738,0
"f16704cdd0b54193481b8049237c7ef1",1787314923505,26,"tf2_42_M_ss1.jpeg","tf2_42_T1_ss1_pd.jpeg",903,1
"f16704cdd0b54193481b8049237c7ef1",1787314927717,27,"tf3_75_M_ss3.jpeg","tf3_75_T1_ss3_pd.jpeg",2908,1
"f16704cdd0b54193481b8049237c7ef1",1787314930099,28,"tf3_44_M_ss2.jpeg","tf3_44_T2_ss2_pd.jpeg",1080,0
"f16704cdd0b54193481b8049237c7ef1",1787314933212,29,"tf2_76_M_ss2.jpeg","tf2_76_T4_ss2_pd.jpeg",1810,0
"f16704cdd0b54193481b8049237c7ef1",1787314965335,30,"tf3_59_M_ss2.jpeg",NA,30000,0
"05a798a7176cdf6fb245e87e72876ccf",1787322391811,1,"tf1_57_M_ss2.jpeg","tf1_57_T1_ss2_pd.jpeg",21816,1
"05a798a7176cdf6fb245e87e72876ccf",1787322400456,2,"tf3_3_M_ss3.jpeg","tf3_3_T1_ss3_pd.jpeg",7340,1
"05a798a7176cdf6fb245e87e72876ccf",1787322407084,3,"tf2_2_M_ss3.jpeg","tf2_2_T1_ss3_pd.jpeg",5323,1
"05a798a7176cdf6fb245e87e72876ccf",1787322410943,4,"tf1_1_M_ss3.jpeg","tf1_1_T1_ss3_pd.jpeg",2553,1
"05a798a7176cdf6fb245e87e72876ccf",1787322426833,5,"tf2_41_M_ss3.jpeg","tf2_41_T1_ss3_pd.jpeg",14586,1
"05a798a7176cdf6fb245e87e72876ccf",1787322456225,6,"tf3_33_M_ss3.jpeg","tf3_33_T4_ss3_pd.jpeg",28087,0
"05a798a7176cdf6fb245e87e72876ccf",1787322479072,7,"tf3_44_M_ss2.jpeg","tf3_44_T1_ss2_pd.jpeg",21541,1
"05a798a7176cdf6fb245e87e72876ccf",1787322499651,8,"tf2_29_M_ss3.jpeg","tf2_29_T1_ss3_pd.jpeg",19273,1
"05a798a7176cdf6fb245e87e72876ccf",1787322529541,9,"tf2_24_M_ss1.jpeg","tf2_24_T1_ss1_pd.jpeg",28586,1
"05a798a7176cdf6fb245e87e72876ccf",1787322560112,10,"tf3_17_M_ss2.jpeg","tf3_17_T2_ss2_pd.jpeg",29265,0
"05a798a7176cdf6fb245e87e72876ccf",1787322590963,11,"tf3_66_M_ss3.jpeg","tf3_66_T2_ss3_pd.jpeg",29547,0
"05a798a7176cdf6fb245e87e72876ccf",1787322619332,12,"tf2_58_M_ss2.jpeg","tf2_58_T1_ss2_md.jpeg",27066,1
"05a798a7176cdf6fb245e87e72876ccf",1787322637704,13,"tf1_55_M_ss3.jpeg","tf1_55_T1_ss3_pd.jpeg",17066,1
"05a798a7176cdf6fb245e87e72876ccf",1787322658041,14,"tf3_78_M_ss3.jpeg","tf3_78_T3_ss3_pd.jpeg",19033,0
"05a798a7176cdf6fb245e87e72876ccf",1787322676608,15,"tf3_59_M_ss2.jpeg","tf3_59_T1_ss2_pd.jpeg",17262,1
"05a798a7176cdf6fb245e87e72876ccf",1787322690641,16,"tf2_76_M_ss2.jpeg","tf2_76_T4_ss2_pd.jpeg",12729,0
"05a798a7176cdf6fb245e87e72876ccf",1787322702674,17,"tf2_52_M_ss2.jpeg","tf2_52_T1_ss2_pd.jpeg",10728,1
"05a798a7176cdf6fb245e87e72876ccf",1787322712869,18,"tf2_36_M_ss1.jpeg","tf2_36_T1_ss1_pd.jpeg",8891,1
"05a798a7176cdf6fb245e87e72876ccf",1787322741166,19,"tf3_21_M_ss3.jpeg","tf3_21_T1_ss3_pd.jpeg",26993,1
"05a798a7176cdf6fb245e87e72876ccf",1787322756640,20,"tf3_35_M_ss2.jpeg","tf3_35_T1_ss2_pd.jpeg",14168,1
"05a798a7176cdf6fb245e87e72876ccf",1787322784661,21,"tf3_75_M_ss3.jpeg","tf3_75_T1_ss3_pd.jpeg",26716,1
"05a798a7176cdf6fb245e87e72876ccf",1787322814839,22,"tf2_46_M_ss2.jpeg","tf2_46_T2_ss2_pd.jpeg",28877,0
"05a798a7176cdf6fb245e87e72876ccf",1787322830277,23,"tf1_72_M_ss2.jpeg","tf1_72_T1_ss2_pd.jpeg",14133,1
"05a798a7176cdf6fb245e87e72876ccf",1787322861276,24,"tf2_42_M_ss1.jpeg","tf2_42_T1_ss1_pd.jpeg",29696,1
"05a798a7176cdf6fb245e87e72876ccf",1787322892369,25,"tf1_64_M_ss3.jpeg","tf1_64_T4_ss3_pd.jpeg",29789,0
"05a798a7176cdf6fb245e87e72876ccf",1787322920834,26,"tf1_80_M_ss1.jpeg","tf1_80_T1_ss1_pd.jpeg",27161,1
"05a798a7176cdf6fb245e87e72876ccf",1787322944885,27,"tf2_45_M_ss1.jpeg","tf2_45_T1_ss1_pd.jpeg",22747,1
"05a798a7176cdf6fb245e87e72876ccf",1787322964981,28,"tf2_63_M_ss1.jpeg","tf2_63_T1_ss1_pd.jpeg",18790,1
"05a798a7176cdf6fb245e87e72876ccf",1787322996121,29,"tf1_74_M_ss1.jpeg","tf1_74_T1_ss1_pd.jpeg",29836,1
"05a798a7176cdf6fb245e87e72876ccf",1787323019889,30,"tf2_30_M_ss1.jpeg","tf2_30_T1_ss1_pd.jpeg",22463,1
"07990478595fc64b74123fb674b8c17f",1787316767906,1,"tf3_3_M_ss3.jpeg","tf3_3_T2_ss3_pd.jpeg",10239,0
"07990478595fc64b74123fb674b8c17f",1787316778273,2,"tf3_33_M_ss3.jpeg","tf3_33_T1_ss3_pd.jpeg",9064,1
"07990478595fc64b74123fb674b8c17f",1787316782758,3,"tf1_57_M_ss2.jpeg","tf1_57_T4_ss2_pd.jpeg",3181,0
"07990478595fc64b74123fb674b8c17f",1787316788075,4,"tf2_41_M_ss3.jpeg","tf2_41_T1_ss3_pd.jpeg",4012,1
"07990478595fc64b74123fb674b8c17f",1787316791623,5,"tf1_1_M_ss3.jpeg","tf1_1_T1_ss3_pd.jpeg",2246,1
"07990478595fc64b74123fb674b8c17f",1787316796672,6,"tf2_2_M_ss3.jpeg","tf2_2_T1_ss3_pd.jpeg",3746,1
"07990478595fc64b74123fb674b8c17f",1787316805042,7,"tf3_66_M_ss3.jpeg","tf3_66_T2_ss3_pd.jpeg",7065,0
"07990478595fc64b74123fb674b8c17f",1787316807689,8,"tf3_35_M_ss2.jpeg","tf3_35_T1_ss2_pd.jpeg",1346,1
"07990478595fc64b74123fb674b8c17f",1787316809872,9,"tf2_63_M_ss1.jpeg","tf2_63_T1_ss1_pd.jpeg",880,1
"07990478595fc64b74123fb674b8c17f",1787316812173,10,"tf2_24_M_ss1.jpeg","tf2_24_T2_ss1_pd.jpeg",998,0
"07990478595fc64b74123fb674b8c17f",1787316814506,11,"tf1_55_M_ss3.jpeg","tf1_55_T4_ss3_pd.jpeg",1030,0
"07990478595fc64b74123fb674b8c17f",1787316817639,12,"tf1_64_M_ss3.jpeg","tf1_64_T1_ss3_pd.jpeg",1830,1
"07990478595fc64b74123fb674b8c17f",1787316821406,13,"tf3_21_M_ss3.jpeg","tf3_21_T4_ss3_pd.jpeg",2464,0
"07990478595fc64b74123fb674b8c17f",1787316823589,14,"tf2_58_M_ss2.jpeg","tf2_58_T2_ss2_md.jpeg",879,0
"07990478595fc64b74123fb674b8c17f",1787316825773,15,"tf1_74_M_ss1.jpeg","tf1_74_T2_ss1_pd.jpeg",880,0
"07990478595fc64b74123fb674b8c17f",1787316827872,16,"tf2_30_M_ss1.jpeg","tf2_30_T3_ss1_pd.jpeg",796,0
"07990478595fc64b74123fb674b8c17f",1787316830156,17,"tf3_44_M_ss2.jpeg","tf3_44_T4_ss2_pd.jpeg",981,0
"07990478595fc64b74123fb674b8c17f",1787316832273,18,"tf2_46_M_ss2.jpeg","tf2_46_T2_ss2_pd.jpeg",813,0
"07990478595fc64b74123fb674b8c17f",1787316834422,19,"tf2_52_M_ss2.jpeg","tf2_52_T1_ss2_pd.jpeg",846,1
"07990478595fc64b74123fb674b8c17f",1787316836606,20,"tf3_78_M_ss3.jpeg","tf3_78_T3_ss3_pd.jpeg",881,0
"07990478595fc64b74123fb674b8c17f",1787316839655,21,"tf1_80_M_ss1.jpeg","tf1_80_T4_ss1_pd.jpeg",1746,0
"07990478595fc64b74123fb674b8c17f",1787316844656,22,"tf2_42_M_ss1.jpeg","tf2_42_T2_ss1_pd.jpeg",3697,0
"07990478595fc64b74123fb674b8c17f",1787316846956,23,"tf3_17_M_ss2.jpeg","tf3_17_T1_ss2_pd.jpeg",996,1
"07990478595fc64b74123fb674b8c17f",1787316848989,24,"tf2_45_M_ss1.jpeg","tf2_45_T2_ss1_pd.jpeg",731,0
"07990478595fc64b74123fb674b8c17f",1787316851122,25,"tf1_72_M_ss2.jpeg","tf1_72_T3_ss2_pd.jpeg",830,0
"07990478595fc64b74123fb674b8c17f",1787316853256,26,"tf2_76_M_ss2.jpeg","tf2_76_T4_ss2_pd.jpeg",831,0
"07990478595fc64b74123fb674b8c17f",1787316855356,27,"tf2_29_M_ss3.jpeg","tf2_29_T3_ss3_pd.jpeg",798,0
"07990478595fc64b74123fb674b8c17f",1787316857889,28,"tf3_59_M_ss2.jpeg","tf3_59_T2_ss2_pd.jpeg",1229,0
"07990478595fc64b74123fb674b8c17f",1787316860224,29,"tf2_36_M_ss1.jpeg","tf2_36_T2_ss1_pd.jpeg",1031,0
"07990478595fc64b74123fb674b8c17f",1787316862439,30,"tf3_75_M_ss3.jpeg","tf3_75_T1_ss3_pd.jpeg",912,1
"915f7ed6f74e308f8d57c75dbc9a44e9",1787369535624,1,"tf3_3_M_ss3.jpeg","tf3_3_T1_ss3_pd.jpeg",1745,1
"915f7ed6f74e308f8d57c75dbc9a44e9",1787369543489,2,"tf2_41_M_ss3.jpeg","tf2_41_T1_ss3_pd.jpeg",6560,1
"915f7ed6f74e308f8d57c75dbc9a44e9",1787369549846,3,"tf2_2_M_ss3.jpeg","tf2_2_T1_ss3_pd.jpeg",5053,1
"915f7ed6f74e308f8d57c75dbc9a44e9",1787369553633,4,"tf1_1_M_ss3.jpeg","tf1_1_T1_ss3_pd.jpeg",2481,1
"915f7ed6f74e308f8d57c75dbc9a44e9",1787369562158,5,"tf1_57_M_ss2.jpeg","tf1_57_T1_ss2_pd.jpeg",7223,1
"915f7ed6f74e308f8d57c75dbc9a44e9",1787369570311,6,"tf3_33_M_ss3.jpeg","tf3_33_T1_ss3_pd.jpeg",6848,1
"915f7ed6f74e308f8d57c75dbc9a44e9",1787369601617,7,"tf3_78_M_ss3.jpeg",NA,30000,0
"915f7ed6f74e308f8d57c75dbc9a44e9",1787369611924,8,"tf2_46_M_ss2.jpeg","tf2_46_T1_ss2_pd.jpeg",9003,1
"915f7ed6f74e308f8d57c75dbc9a44e9",1787369621424,9,"tf2_45_M_ss1.jpeg","tf2_45_T1_ss1_pd.jpeg",8196,1
"915f7ed6f74e308f8d57c75dbc9a44e9",1787369638943,10,"tf2_58_M_ss2.jpeg","tf2_58_T1_ss2_md.jpeg",16214,1
"915f7ed6f74e308f8d57c75dbc9a44e9",1787369647670,11,"tf3_44_M_ss2.jpeg","tf3_44_T1_ss2_pd.jpeg",7424,1
"915f7ed6f74e308f8d57c75dbc9a44e9",1787369655873,12,"tf2_36_M_ss1.jpeg","tf2_36_T2_ss1_pd.jpeg",6899,0
"915f7ed6f74e308f8d57c75dbc9a44e9",1787369666702,13,"tf1_80_M_ss1.jpeg","tf1_80_T1_ss1_pd.jpeg",9525,1
"915f7ed6f74e308f8d57c75dbc9a44e9",1787369675472,14,"tf3_17_M_ss2.jpeg","tf3_17_T1_ss2_pd.jpeg",7466,1
"915f7ed6f74e308f8d57c75dbc9a44e9",1787369686572,15,"tf2_24_M_ss1.jpeg","tf2_24_T1_ss1_pd.jpeg",9796,1
"915f7ed6f74e308f8d57c75dbc9a44e9",1787369702085,16,"tf3_75_M_ss3.jpeg","tf3_75_T1_ss3_pd.jpeg",14208,1
"915f7ed6f74e308f8d57c75dbc9a44e9",1787369716351,17,"tf3_35_M_ss2.jpeg","tf3_35_T1_ss2_pd.jpeg",12962,1
"915f7ed6f74e308f8d57c75dbc9a44e9",1787369726777,18,"tf1_55_M_ss3.jpeg","tf1_55_T1_ss3_pd.jpeg",9123,1
"915f7ed6f74e308f8d57c75dbc9a44e9",1787369732665,19,"tf2_30_M_ss1.jpeg","tf2_30_T1_ss1_pd.jpeg",4584,1
"915f7ed6f74e308f8d57c75dbc9a44e9",1787369741980,20,"tf1_72_M_ss2.jpeg","tf1_72_T1_ss2_pd.jpeg",8011,1
"915f7ed6f74e308f8d57c75dbc9a44e9",1787369766409,21,"tf3_66_M_ss3.jpeg","tf3_66_T1_ss3_pd.jpeg",23124,1
"915f7ed6f74e308f8d57c75dbc9a44e9",1787369775181,22,"tf2_29_M_ss3.jpeg","tf2_29_T1_ss3_pd.jpeg",7468,1
"915f7ed6f74e308f8d57c75dbc9a44e9",1787369782959,23,"tf2_76_M_ss2.jpeg","tf2_76_T1_ss2_pd.jpeg",6475,1
"915f7ed6f74e308f8d57c75dbc9a44e9",1787369797834,24,"tf1_64_M_ss3.jpeg","tf1_64_T2_ss3_pd.jpeg",13571,0
"915f7ed6f74e308f8d57c75dbc9a44e9",1787369804630,25,"tf2_52_M_ss2.jpeg","tf2_52_T1_ss2_pd.jpeg",5491,1
"915f7ed6f74e308f8d57c75dbc9a44e9",1787369815158,26,"tf3_21_M_ss3.jpeg","tf3_21_T1_ss3_pd.jpeg",9223,1
"915f7ed6f74e308f8d57c75dbc9a44e9",1787369821032,27,"tf3_59_M_ss2.jpeg","tf3_59_T2_ss2_pd.jpeg",4569,0
"915f7ed6f74e308f8d57c75dbc9a44e9",1787369825145,28,"tf2_42_M_ss1.jpeg","tf2_42_T1_ss1_pd.jpeg",2809,1
"915f7ed6f74e308f8d57c75dbc9a44e9",1787369832271,29,"tf2_63_M_ss1.jpeg","tf2_63_T4_ss1_pd.jpeg",5822,0
"915f7ed6f74e308f8d57c75dbc9a44e9",1787369839644,30,"tf1_74_M_ss1.jpeg","tf1_74_T2_ss1_pd.jpeg",6069,0
"4dfae0aeb2e37a1806f01f3baa77c0f8",1787374882187,1,"tf3_3_M_ss3.jpeg","tf3_3_T1_ss3_pd.jpeg",3012,1
"4dfae0aeb2e37a1806f01f3baa77c0f8",1787374888804,2,"tf2_2_M_ss3.jpeg","tf2_2_T1_ss3_pd.jpeg",5312,1
"4dfae0aeb2e37a1806f01f3baa77c0f8",1787374904237,3,"tf1_57_M_ss2.jpeg","tf1_57_T1_ss2_pd.jpeg",14129,1
"4dfae0aeb2e37a1806f01f3baa77c0f8",1787374913503,4,"tf2_41_M_ss3.jpeg","tf2_41_T1_ss3_pd.jpeg",7962,1
"4dfae0aeb2e37a1806f01f3baa77c0f8",1787374926736,5,"tf3_33_M_ss3.jpeg","tf3_33_T1_ss3_pd.jpeg",11929,1
"4dfae0aeb2e37a1806f01f3baa77c0f8",1787374932636,6,"tf1_1_M_ss3.jpeg","tf1_1_T1_ss3_pd.jpeg",4595,1
"4dfae0aeb2e37a1806f01f3baa77c0f8",1787374953237,7,"tf2_58_M_ss2.jpeg","tf2_58_T1_ss2_md.jpeg",19297,1
"4dfae0aeb2e37a1806f01f3baa77c0f8",1787374978436,8,"tf2_52_M_ss2.jpeg","tf2_52_T1_ss2_pd.jpeg",23896,1
"4dfae0aeb2e37a1806f01f3baa77c0f8",1787375005085,9,"tf3_35_M_ss2.jpeg","tf3_35_T1_ss2_pd.jpeg",25345,1
"4dfae0aeb2e37a1806f01f3baa77c0f8",1787375022185,10,"tf2_63_M_ss1.jpeg","tf2_63_T1_ss1_pd.jpeg",15796,1
"4dfae0aeb2e37a1806f01f3baa77c0f8",1787375044719,11,"tf3_78_M_ss3.jpeg","tf3_78_T2_ss3_pd.jpeg",21230,0
"4dfae0aeb2e37a1806f01f3baa77c0f8",1787375062053,12,"tf2_30_M_ss1.jpeg","tf2_30_T1_ss1_pd.jpeg",16029,1
"4dfae0aeb2e37a1806f01f3baa77c0f8",1787375076752,13,"tf3_17_M_ss2.jpeg","tf3_17_T1_ss2_pd.jpeg",13395,1
"4dfae0aeb2e37a1806f01f3baa77c0f8",1787375093852,14,"tf3_21_M_ss3.jpeg","tf3_21_T1_ss3_pd.jpeg",15796,1
"4dfae0aeb2e37a1806f01f3baa77c0f8",1787375105869,15,"tf2_42_M_ss1.jpeg","tf2_42_T1_ss1_pd.jpeg",10713,1
"4dfae0aeb2e37a1806f01f3baa77c0f8",1787375127218,16,"tf3_66_M_ss3.jpeg","tf3_66_T4_ss3_pd.jpeg",20045,0
"4dfae0aeb2e37a1806f01f3baa77c0f8",1787375142518,17,"tf1_64_M_ss3.jpeg","tf1_64_T1_ss3_pd.jpeg",13996,1
"4dfae0aeb2e37a1806f01f3baa77c0f8",1787375159452,18,"tf1_74_M_ss1.jpeg","tf1_74_T1_ss1_pd.jpeg",15631,1
"4dfae0aeb2e37a1806f01f3baa77c0f8",1787375178934,19,"tf1_55_M_ss3.jpeg","tf1_55_T1_ss3_pd.jpeg",18178,1
"4dfae0aeb2e37a1806f01f3baa77c0f8",1787375204501,20,"tf3_75_M_ss3.jpeg","tf3_75_T1_ss3_pd.jpeg",24262,1
"4dfae0aeb2e37a1806f01f3baa77c0f8",1787375217733,21,"tf2_76_M_ss2.jpeg","tf2_76_T1_ss2_pd.jpeg",11928,1
"4dfae0aeb2e37a1806f01f3baa77c0f8",1787375232918,22,"tf1_80_M_ss1.jpeg","tf1_80_T1_ss1_pd.jpeg",13880,1
"4dfae0aeb2e37a1806f01f3baa77c0f8",1787375262568,23,"tf3_44_M_ss2.jpeg","tf3_44_T2_ss2_pd.jpeg",28346,0
"4dfae0aeb2e37a1806f01f3baa77c0f8",1787375278167,24,"tf2_24_M_ss1.jpeg","tf2_24_T1_ss1_pd.jpeg",14295,1
"4dfae0aeb2e37a1806f01f3baa77c0f8",1787375295184,25,"tf2_46_M_ss2.jpeg","tf2_46_T1_ss2_pd.jpeg",15712,1
"4dfae0aeb2e37a1806f01f3baa77c0f8",1787375318934,26,"tf3_59_M_ss2.jpeg","tf3_59_T1_ss2_pd.jpeg",22445,1
"4dfae0aeb2e37a1806f01f3baa77c0f8",1787375335182,27,"tf1_72_M_ss2.jpeg","tf1_72_T1_ss2_pd.jpeg",14943,1
"4dfae0aeb2e37a1806f01f3baa77c0f8",1787375344433,28,"tf2_45_M_ss1.jpeg","tf2_45_T4_ss1_pd.jpeg",7947,0
"4dfae0aeb2e37a1806f01f3baa77c0f8",1787375374499,29,"tf2_36_M_ss1.jpeg","tf2_36_T2_ss1_pd.jpeg",28762,0
"4dfae0aeb2e37a1806f01f3baa77c0f8",1787375387782,30,"tf2_29_M_ss3.jpeg","tf2_29_T1_ss3_pd.jpeg",11978,1
"0f7fbe32abd62dbbae0ed74d788eeb31",1787381154385,1,"tf3_3_M_ss3.jpeg","tf3_3_T1_ss3_pd.jpeg",1602,1
"0f7fbe32abd62dbbae0ed74d788eeb31",1787381160595,2,"tf3_33_M_ss3.jpeg","tf3_33_T2_ss3_pd.jpeg",4905,0
"0f7fbe32abd62dbbae0ed74d788eeb31",1787381171458,3,"tf2_41_M_ss3.jpeg","tf2_41_T1_ss3_pd.jpeg",9559,1
"0f7fbe32abd62dbbae0ed74d788eeb31",1787381177723,4,"tf2_2_M_ss3.jpeg","tf2_2_T1_ss3_pd.jpeg",4960,1
"0f7fbe32abd62dbbae0ed74d788eeb31",1787381188518,5,"tf1_57_M_ss2.jpeg","tf1_57_T1_ss2_pd.jpeg",9492,1
"0f7fbe32abd62dbbae0ed74d788eeb31",1787381192259,6,"tf1_1_M_ss3.jpeg","tf1_1_T1_ss3_pd.jpeg",2436,1
"0f7fbe32abd62dbbae0ed74d788eeb31",1787381213644,7,"tf1_74_M_ss1.jpeg","tf1_74_T2_ss1_pd.jpeg",20081,0
"0f7fbe32abd62dbbae0ed74d788eeb31",1787381226415,8,"tf1_55_M_ss3.jpeg","tf1_55_T1_ss3_pd.jpeg",11466,1
"0f7fbe32abd62dbbae0ed74d788eeb31",1787381246618,9,"tf3_35_M_ss2.jpeg","tf3_35_T4_ss2_pd.jpeg",18898,0
"0f7fbe32abd62dbbae0ed74d788eeb31",1787381262691,10,"tf2_45_M_ss1.jpeg","tf2_45_T3_ss1_pd.jpeg",14768,0
"0f7fbe32abd62dbbae0ed74d788eeb31",1787381288819,11,"tf3_21_M_ss3.jpeg","tf3_21_T1_ss3_pd.jpeg",24824,1
"0f7fbe32abd62dbbae0ed74d788eeb31",1787381298262,12,"tf2_46_M_ss2.jpeg","tf2_46_T1_ss2_pd.jpeg",8139,1
"0f7fbe32abd62dbbae0ed74d788eeb31",1787381319801,13,"tf2_36_M_ss1.jpeg","tf2_36_T2_ss1_pd.jpeg",20237,0
"0f7fbe32abd62dbbae0ed74d788eeb31",1787381347320,14,"tf2_58_M_ss2.jpeg","tf2_58_T1_ss2_md.jpeg",26214,1
"0f7fbe32abd62dbbae0ed74d788eeb31",1787381362660,15,"tf2_24_M_ss1.jpeg","tf2_24_T1_ss1_pd.jpeg",14036,1
"0f7fbe32abd62dbbae0ed74d788eeb31",1787381390632,16,"tf3_66_M_ss3.jpeg","tf3_66_T2_ss3_pd.jpeg",26667,0
"0f7fbe32abd62dbbae0ed74d788eeb31",1787381404306,17,"tf3_44_M_ss2.jpeg","tf3_44_T1_ss2_pd.jpeg",12369,1
"0f7fbe32abd62dbbae0ed74d788eeb31",1787381424376,18,"tf3_75_M_ss3.jpeg","tf3_75_T1_ss3_pd.jpeg",18766,1
"0f7fbe32abd62dbbae0ed74d788eeb31",1787381449606,19,"tf2_76_M_ss2.jpeg","tf2_76_T1_ss2_pd.jpeg",23925,1
"0f7fbe32abd62dbbae0ed74d788eeb31",1787381467469,20,"tf2_63_M_ss1.jpeg","tf2_63_T1_ss1_pd.jpeg",16559,1
"0f7fbe32abd62dbbae0ed74d788eeb31",1787381484009,21,"tf2_52_M_ss2.jpeg","tf2_52_T2_ss2_pd.jpeg",15236,0
"0f7fbe32abd62dbbae0ed74d788eeb31",1787381513026,22,"tf3_78_M_ss3.jpeg","tf3_78_T1_ss3_pd.jpeg",27714,1
"0f7fbe32abd62dbbae0ed74d788eeb31",1787381523525,23,"tf2_42_M_ss1.jpeg","tf2_42_T1_ss1_pd.jpeg",9194,1
"0f7fbe32abd62dbbae0ed74d788eeb31",1787381541556,24,"tf2_30_M_ss1.jpeg","tf2_30_T1_ss1_pd.jpeg",16727,1
"0f7fbe32abd62dbbae0ed74d788eeb31",1787381570329,25,"tf1_72_M_ss2.jpeg","tf1_72_T1_ss2_pd.jpeg",27469,1
"0f7fbe32abd62dbbae0ed74d788eeb31",1787381592749,26,"tf3_17_M_ss2.jpeg","tf3_17_T1_ss2_pd.jpeg",21116,1
"0f7fbe32abd62dbbae0ed74d788eeb31",1787381606891,27,"tf1_80_M_ss1.jpeg","tf1_80_T1_ss1_pd.jpeg",12837,1
"0f7fbe32abd62dbbae0ed74d788eeb31",1787381618513,28,"tf3_59_M_ss2.jpeg","tf3_59_T1_ss2_pd.jpeg",10318,1
"0f7fbe32abd62dbbae0ed74d788eeb31",1787381645581,29,"tf2_29_M_ss3.jpeg","tf2_29_T1_ss3_pd.jpeg",25763,1
"0f7fbe32abd62dbbae0ed74d788eeb31",1787381676886,30,"tf1_64_M_ss3.jpeg",NA,30000,0
"b3899b20cade13089f9584cc495566a3",1787386233844,1,"tf2_2_M_ss3.jpeg","tf2_2_T1_ss3_pd.jpeg",4073,1
"b3899b20cade13089f9584cc495566a3",1787386239021,2,"tf3_33_M_ss3.jpeg","tf3_33_T3_ss3_pd.jpeg",3863,0
"b3899b20cade13089f9584cc495566a3",1787386243304,3,"tf1_57_M_ss2.jpeg","tf1_57_T3_ss2_pd.jpeg",2971,0
"b3899b20cade13089f9584cc495566a3",1787386247792,4,"tf1_1_M_ss3.jpeg","tf1_1_T1_ss3_pd.jpeg",3186,1
"b3899b20cade13089f9584cc495566a3",1787386250336,5,"tf3_3_M_ss3.jpeg","tf3_3_T1_ss3_pd.jpeg",1234,1
"b3899b20cade13089f9584cc495566a3",1787386257106,6,"tf2_41_M_ss3.jpeg","tf2_41_T1_ss3_pd.jpeg",5461,1
"b3899b20cade13089f9584cc495566a3",1787386274888,7,"tf1_55_M_ss3.jpeg","tf1_55_T3_ss3_pd.jpeg",16466,0
"b3899b20cade13089f9584cc495566a3",1787386305754,8,"tf3_44_M_ss2.jpeg","tf3_44_T3_ss2_pd.jpeg",29564,0
"b3899b20cade13089f9584cc495566a3",1787386336263,9,"tf3_59_M_ss2.jpeg","tf3_59_T3_ss2_pd.jpeg",29192,0
"b3899b20cade13089f9584cc495566a3",1787386360626,10,"tf2_63_M_ss1.jpeg","tf2_63_T1_ss1_pd.jpeg",23055,1
"b3899b20cade13089f9584cc495566a3",1787386378911,11,"tf2_29_M_ss3.jpeg","tf2_29_T1_ss3_pd.jpeg",16968,1
"b3899b20cade13089f9584cc495566a3",1787386392736,12,"tf2_36_M_ss1.jpeg","tf2_36_T1_ss1_pd.jpeg",12509,1
"b3899b20cade13089f9584cc495566a3",1787386413054,13,"tf3_21_M_ss3.jpeg","tf3_21_T1_ss3_pd.jpeg",18998,1
"b3899b20cade13089f9584cc495566a3",1787386426816,14,"tf3_75_M_ss3.jpeg","tf3_75_T1_ss3_pd.jpeg",12454,1
"b3899b20cade13089f9584cc495566a3",1787386450295,15,"tf2_58_M_ss2.jpeg","tf2_58_T1_ss2_md.jpeg",22169,1
"b3899b20cade13089f9584cc495566a3",1787386476242,16,"tf1_64_M_ss3.jpeg","tf1_64_T1_ss3_pd.jpeg",24641,1
"b3899b20cade13089f9584cc495566a3",1787386484964,17,"tf2_30_M_ss1.jpeg","tf2_30_T1_ss1_pd.jpeg",7415,1
"b3899b20cade13089f9584cc495566a3",1787386511113,18,"tf3_17_M_ss2.jpeg","tf3_17_T2_ss2_pd.jpeg",24832,0
"b3899b20cade13089f9584cc495566a3",1787386525125,19,"tf1_80_M_ss1.jpeg","tf1_80_T1_ss1_pd.jpeg",12702,1
"b3899b20cade13089f9584cc495566a3",1787386545800,20,"tf3_78_M_ss3.jpeg","tf3_78_T1_ss3_pd.jpeg",19365,1
"b3899b20cade13089f9584cc495566a3",1787386557696,21,"tf3_35_M_ss2.jpeg","tf3_35_T1_ss2_pd.jpeg",10588,1
"b3899b20cade13089f9584cc495566a3",1787386576325,22,"tf1_72_M_ss2.jpeg","tf1_72_T1_ss2_pd.jpeg",17307,1
"b3899b20cade13089f9584cc495566a3",1787386584785,23,"tf2_76_M_ss2.jpeg","tf2_76_T1_ss2_pd.jpeg",7149,1
"b3899b20cade13089f9584cc495566a3",1787386598991,24,"tf2_24_M_ss1.jpeg","tf2_24_T1_ss1_pd.jpeg",12885,1
"b3899b20cade13089f9584cc495566a3",1787386608127,25,"tf1_74_M_ss1.jpeg","tf1_74_T1_ss1_pd.jpeg",7822,1
"b3899b20cade13089f9584cc495566a3",1787386618661,26,"tf3_66_M_ss3.jpeg","tf3_66_T3_ss3_pd.jpeg",9212,0
"b3899b20cade13089f9584cc495566a3",1787386627659,27,"tf2_52_M_ss2.jpeg","tf2_52_T1_ss2_pd.jpeg",7696,1
"b3899b20cade13089f9584cc495566a3",1787386649672,28,"tf2_46_M_ss2.jpeg","tf2_46_T1_ss2_pd.jpeg",20710,1
"b3899b20cade13089f9584cc495566a3",1787386660667,29,"tf2_45_M_ss1.jpeg","tf2_45_T1_ss1_pd.jpeg",9671,1
"b3899b20cade13089f9584cc495566a3",1787386672214,30,"tf2_42_M_ss1.jpeg","tf2_42_T1_ss1_pd.jpeg",10237,1
"7543584858fd3e1abea464fe97635543",1787383708379,1,"tf3_33_M_ss3.jpeg","tf3_33_T2_ss3_pd.jpeg",4463,0
"7543584858fd3e1abea464fe97635543",1787383711013,2,"tf3_3_M_ss3.jpeg","tf3_3_T1_ss3_pd.jpeg",1330,1
"7543584858fd3e1abea464fe97635543",1787383718080,3,"tf2_41_M_ss3.jpeg","tf2_41_T1_ss3_pd.jpeg",5763,1
"7543584858fd3e1abea464fe97635543",1787383722664,4,"tf2_2_M_ss3.jpeg","tf2_2_T1_ss3_pd.jpeg",3279,1
"7543584858fd3e1abea464fe97635543",1787383726897,5,"tf1_57_M_ss2.jpeg","tf1_57_T1_ss2_pd.jpeg",2929,1
"7543584858fd3e1abea464fe97635543",1787383729965,6,"tf1_1_M_ss3.jpeg","tf1_1_T1_ss3_pd.jpeg",1764,1
"7543584858fd3e1abea464fe97635543",1787383740980,7,"tf2_76_M_ss2.jpeg","tf2_76_T1_ss2_pd.jpeg",9713,1
"7543584858fd3e1abea464fe97635543",1787383749558,8,"tf2_58_M_ss2.jpeg","tf2_58_T1_ss2_md.jpeg",7275,1
"7543584858fd3e1abea464fe97635543",1787383757063,9,"tf3_17_M_ss2.jpeg","tf3_17_T1_ss2_pd.jpeg",6202,1
"7543584858fd3e1abea464fe97635543",1787383761862,10,"tf2_42_M_ss1.jpeg","tf2_42_T1_ss1_pd.jpeg",3496,1
"7543584858fd3e1abea464fe97635543",1787383769898,11,"tf2_45_M_ss1.jpeg","tf2_45_T1_ss1_pd.jpeg",6732,1
"7543584858fd3e1abea464fe97635543",1787383776412,12,"tf2_46_M_ss2.jpeg","tf2_46_T1_ss2_pd.jpeg",5210,1
"7543584858fd3e1abea464fe97635543",1787383783013,13,"tf2_36_M_ss1.jpeg","tf2_36_T1_ss1_pd.jpeg",5297,1
"7543584858fd3e1abea464fe97635543",1787383790729,14,"tf3_21_M_ss3.jpeg","tf3_21_T1_ss3_pd.jpeg",6411,1
"7543584858fd3e1abea464fe97635543",1787383797029,15,"tf2_30_M_ss1.jpeg","tf2_30_T1_ss1_pd.jpeg",4998,1
"7543584858fd3e1abea464fe97635543",1787383806545,16,"tf1_55_M_ss3.jpeg","tf1_55_T1_ss3_pd.jpeg",8212,1
"7543584858fd3e1abea464fe97635543",1787383818296,17,"tf3_66_M_ss3.jpeg","tf3_66_T1_ss3_pd.jpeg",10446,1
"7543584858fd3e1abea464fe97635543",1787383826746,18,"tf2_29_M_ss3.jpeg","tf2_29_T2_ss3_pd.jpeg",7145,0
"7543584858fd3e1abea464fe97635543",1787383836046,19,"tf2_24_M_ss1.jpeg","tf2_24_T1_ss1_pd.jpeg",7996,1
"7543584858fd3e1abea464fe97635543",1787383842779,20,"tf1_72_M_ss2.jpeg","tf1_72_T1_ss2_pd.jpeg",5428,1
"7543584858fd3e1abea464fe97635543",1787383854913,21,"tf3_44_M_ss2.jpeg","tf3_44_T1_ss2_pd.jpeg",10828,1
"7543584858fd3e1abea464fe97635543",1787383858512,22,"tf3_35_M_ss2.jpeg","tf3_35_T1_ss2_pd.jpeg",2295,1
"7543584858fd3e1abea464fe97635543",1787383862561,23,"tf2_52_M_ss2.jpeg","tf2_52_T1_ss2_pd.jpeg",2745,1
"7543584858fd3e1abea464fe97635543",1787383867846,24,"tf3_78_M_ss3.jpeg","tf3_78_T4_ss3_pd.jpeg",3982,0
"7543584858fd3e1abea464fe97635543",1787383872846,25,"tf1_80_M_ss1.jpeg","tf1_80_T4_ss1_pd.jpeg",3696,0
"7543584858fd3e1abea464fe97635543",1787383889095,26,"tf1_74_M_ss1.jpeg","tf1_74_T1_ss1_pd.jpeg",14947,1
"7543584858fd3e1abea464fe97635543",1787383892978,27,"tf3_59_M_ss2.jpeg","tf3_59_T3_ss2_pd.jpeg",2580,0
"7543584858fd3e1abea464fe97635543",1787383899612,28,"tf2_63_M_ss1.jpeg","tf2_63_T1_ss1_pd.jpeg",5330,1
"7543584858fd3e1abea464fe97635543",1787383907811,29,"tf1_64_M_ss3.jpeg","tf1_64_T2_ss3_pd.jpeg",6896,0
"7543584858fd3e1abea464fe97635543",1787383910429,30,"tf3_75_M_ss3.jpeg","tf3_75_T1_ss3_pd.jpeg",1315,1
"bd8724012d6a4ccf45d5b80b5716d9f3",1787384474938,1,"tf3_33_M_ss3.jpeg","tf3_33_T1_ss3_pd.jpeg",11951,1
"bd8724012d6a4ccf45d5b80b5716d9f3",1787384481218,2,"tf1_57_M_ss2.jpeg","tf1_57_T4_ss2_pd.jpeg",4975,0
"bd8724012d6a4ccf45d5b80b5716d9f3",1787384486120,3,"tf2_2_M_ss3.jpeg","tf2_2_T1_ss3_pd.jpeg",3597,1
"bd8724012d6a4ccf45d5b80b5716d9f3",1787384489386,4,"tf3_3_M_ss3.jpeg","tf3_3_T1_ss3_pd.jpeg",1961,1
"bd8724012d6a4ccf45d5b80b5716d9f3",1787384494769,5,"tf1_1_M_ss3.jpeg","tf1_1_T1_ss3_pd.jpeg",4079,1
"bd8724012d6a4ccf45d5b80b5716d9f3",1787384502387,6,"tf2_41_M_ss3.jpeg","tf2_41_T1_ss3_pd.jpeg",6314,1
"bd8724012d6a4ccf45d5b80b5716d9f3",1787384521689,7,"tf3_78_M_ss3.jpeg","tf3_78_T3_ss3_pd.jpeg",17996,0
"bd8724012d6a4ccf45d5b80b5716d9f3",1787384532407,8,"tf3_35_M_ss2.jpeg","tf3_35_T4_ss2_pd.jpeg",9412,0
"bd8724012d6a4ccf45d5b80b5716d9f3",1787384539174,9,"tf3_21_M_ss3.jpeg","tf3_21_T2_ss3_pd.jpeg",5462,0
"bd8724012d6a4ccf45d5b80b5716d9f3",1787384558326,10,"tf2_45_M_ss1.jpeg","tf2_45_T3_ss1_pd.jpeg",17847,0
"bd8724012d6a4ccf45d5b80b5716d9f3",1787384571118,11,"tf2_24_M_ss1.jpeg","tf2_24_T1_ss1_pd.jpeg",11485,1
"bd8724012d6a4ccf45d5b80b5716d9f3",1787384575761,12,"tf3_75_M_ss3.jpeg","tf3_75_T2_ss3_pd.jpeg",3337,0
"bd8724012d6a4ccf45d5b80b5716d9f3",1787384587279,13,"tf1_74_M_ss1.jpeg","tf1_74_T1_ss1_pd.jpeg",10211,1
"bd8724012d6a4ccf45d5b80b5716d9f3",1787384591846,14,"tf2_76_M_ss2.jpeg","tf2_76_T1_ss2_pd.jpeg",3262,1
"bd8724012d6a4ccf45d5b80b5716d9f3",1787384602563,15,"tf2_42_M_ss1.jpeg","tf2_42_T1_ss1_pd.jpeg",9412,1
"bd8724012d6a4ccf45d5b80b5716d9f3",1787384608547,16,"tf1_55_M_ss3.jpeg","tf1_55_T4_ss3_pd.jpeg",4681,0
"bd8724012d6a4ccf45d5b80b5716d9f3",1787384623149,17,"tf2_63_M_ss1.jpeg","tf2_63_T1_ss1_pd.jpeg",13298,1
"bd8724012d6a4ccf45d5b80b5716d9f3",1787384625899,18,"tf2_58_M_ss2.jpeg","tf2_58_T1_ss2_md.jpeg",1443,1
"bd8724012d6a4ccf45d5b80b5716d9f3",1787384628133,19,"tf2_36_M_ss1.jpeg","tf2_36_T1_ss1_pd.jpeg",927,1
"bd8724012d6a4ccf45d5b80b5716d9f3",1787384630249,20,"tf2_29_M_ss3.jpeg","tf2_29_T2_ss3_pd.jpeg",811,0
"bd8724012d6a4ccf45d5b80b5716d9f3",1787384632299,21,"tf2_52_M_ss2.jpeg","tf2_52_T1_ss2_pd.jpeg",744,1
"bd8724012d6a4ccf45d5b80b5716d9f3",1787384634383,22,"tf3_17_M_ss2.jpeg","tf3_17_T1_ss2_pd.jpeg",779,1
"bd8724012d6a4ccf45d5b80b5716d9f3",1787384636532,23,"tf3_66_M_ss3.jpeg","tf3_66_T4_ss3_pd.jpeg",844,0
"bd8724012d6a4ccf45d5b80b5716d9f3",1787384638732,24,"tf2_30_M_ss1.jpeg","tf2_30_T4_ss1_pd.jpeg",895,0
"bd8724012d6a4ccf45d5b80b5716d9f3",1787384642517,25,"tf1_72_M_ss2.jpeg","tf1_72_T3_ss2_pd.jpeg",2480,0
"bd8724012d6a4ccf45d5b80b5716d9f3",1787384644733,26,"tf3_44_M_ss2.jpeg","tf3_44_T1_ss2_pd.jpeg",910,1
"bd8724012d6a4ccf45d5b80b5716d9f3",1787384647022,27,"tf2_46_M_ss2.jpeg","tf2_46_T3_ss2_pd.jpeg",979,0
"bd8724012d6a4ccf45d5b80b5716d9f3",1787384649351,28,"tf3_59_M_ss2.jpeg","tf3_59_T4_ss2_pd.jpeg",1023,0
"bd8724012d6a4ccf45d5b80b5716d9f3",1787384651701,29,"tf1_80_M_ss1.jpeg","tf1_80_T3_ss1_pd.jpeg",1044,0
"bd8724012d6a4ccf45d5b80b5716d9f3",1787384653918,30,"tf1_64_M_ss3.jpeg","tf1_64_T3_ss3_pd.jpeg",912,0
"b6684d9aaafa3c120acf2be2d26138b0",1787384834557,1,"tf3_33_M_ss3.jpeg","tf3_33_T3_ss3_pd.jpeg",7356,0
"b6684d9aaafa3c120acf2be2d26138b0",1787384839760,2,"tf2_2_M_ss3.jpeg","tf2_2_T1_ss3_pd.jpeg",3888,1
"b6684d9aaafa3c120acf2be2d26138b0",1787384843297,3,"tf3_3_M_ss3.jpeg","tf3_3_T1_ss3_pd.jpeg",2222,1
"b6684d9aaafa3c120acf2be2d26138b0",1787384846256,4,"tf1_1_M_ss3.jpeg","tf1_1_T1_ss3_pd.jpeg",1656,1
"b6684d9aaafa3c120acf2be2d26138b0",1787384857359,5,"tf1_57_M_ss2.jpeg","tf1_57_T1_ss2_pd.jpeg",9787,1
"b6684d9aaafa3c120acf2be2d26138b0",1787384869175,6,"tf2_41_M_ss3.jpeg","tf2_41_T1_ss3_pd.jpeg",10498,1
"b6684d9aaafa3c120acf2be2d26138b0",1787384890198,7,"tf2_46_M_ss2.jpeg","tf2_46_T3_ss2_pd.jpeg",19713,0
"b6684d9aaafa3c120acf2be2d26138b0",1787384921523,8,"tf3_78_M_ss3.jpeg",NA,30000,0
"b6684d9aaafa3c120acf2be2d26138b0",1787384941523,9,"tf3_44_M_ss2.jpeg","tf3_44_T4_ss2_pd.jpeg",18662,0
"b6684d9aaafa3c120acf2be2d26138b0",1787384971312,10,"tf1_74_M_ss1.jpeg","tf1_74_T2_ss1_pd.jpeg",28475,0
"b6684d9aaafa3c120acf2be2d26138b0",1787384991346,11,"tf2_63_M_ss1.jpeg","tf2_63_T4_ss1_pd.jpeg",18719,0
"b6684d9aaafa3c120acf2be2d26138b0",1787385020570,12,"tf3_75_M_ss3.jpeg","tf3_75_T1_ss3_pd.jpeg",27903,1
"b6684d9aaafa3c120acf2be2d26138b0",1787385051781,13,"tf1_72_M_ss2.jpeg","tf1_72_T1_ss2_pd.jpeg",29906,1
"b6684d9aaafa3c120acf2be2d26138b0",1787385057711,14,"tf3_35_M_ss2.jpeg","tf3_35_T3_ss2_pd.jpeg",4619,0
"b6684d9aaafa3c120acf2be2d26138b0",1787385073908,15,"tf3_66_M_ss3.jpeg","tf3_66_T3_ss3_pd.jpeg",14870,0
"b6684d9aaafa3c120acf2be2d26138b0",1787385096815,16,"tf3_21_M_ss3.jpeg","tf3_21_T1_ss3_pd.jpeg",21587,1
"b6684d9aaafa3c120acf2be2d26138b0",1787385116150,17,"tf2_36_M_ss1.jpeg","tf2_36_T1_ss1_pd.jpeg",18023,1
"b6684d9aaafa3c120acf2be2d26138b0",1787385123028,18,"tf2_52_M_ss2.jpeg","tf2_52_T4_ss2_pd.jpeg",5550,0
"b6684d9aaafa3c120acf2be2d26138b0",1787385137989,19,"tf1_55_M_ss3.jpeg","tf1_55_T3_ss3_pd.jpeg",13622,0
"b6684d9aaafa3c120acf2be2d26138b0",1787385155041,20,"tf1_64_M_ss3.jpeg","tf1_64_T1_ss3_pd.jpeg",15735,1
"b6684d9aaafa3c120acf2be2d26138b0",1787385180969,21,"tf2_42_M_ss1.jpeg","tf2_42_T1_ss1_pd.jpeg",24611,1
"b6684d9aaafa3c120acf2be2d26138b0",1787385195261,22,"tf3_59_M_ss2.jpeg","tf3_59_T1_ss2_pd.jpeg",12976,1
"b6684d9aaafa3c120acf2be2d26138b0",1787385224090,23,"tf3_17_M_ss2.jpeg","tf3_17_T2_ss2_pd.jpeg",27507,0
"b6684d9aaafa3c120acf2be2d26138b0",1787385237535,24,"tf2_58_M_ss2.jpeg","tf2_58_T1_ss2_md.jpeg",12116,1
"b6684d9aaafa3c120acf2be2d26138b0",1787385247330,25,"tf2_76_M_ss2.jpeg","tf2_76_T3_ss2_pd.jpeg",8478,0
"b6684d9aaafa3c120acf2be2d26138b0",1787385263251,26,"tf2_24_M_ss1.jpeg","tf2_24_T1_ss1_pd.jpeg",14611,1
"b6684d9aaafa3c120acf2be2d26138b0",1787385279332,27,"tf2_30_M_ss1.jpeg","tf2_30_T4_ss1_pd.jpeg",14771,0
"b6684d9aaafa3c120acf2be2d26138b0",1787385309192,28,"tf2_29_M_ss3.jpeg","tf2_29_T3_ss3_pd.jpeg",28548,0
"b6684d9aaafa3c120acf2be2d26138b0",1787385317914,29,"tf1_80_M_ss1.jpeg","tf1_80_T2_ss1_pd.jpeg",7392,0
"b6684d9aaafa3c120acf2be2d26138b0",1787385333909,30,"tf2_45_M_ss1.jpeg","tf2_45_T3_ss1_pd.jpeg",14670,0
"63cd0f1dfbf03914007580df744afee2",1787388431572,1,"tf3_33_M_ss3.jpeg",NA,30000,0
"63cd0f1dfbf03914007580df744afee2",1787388436577,2,"tf3_3_M_ss3.jpeg","tf3_3_T1_ss3_pd.jpeg",3702,1
"63cd0f1dfbf03914007580df744afee2",1787388443177,3,"tf2_41_M_ss3.jpeg","tf2_41_T1_ss3_pd.jpeg",5297,1
"63cd0f1dfbf03914007580df744afee2",1787388451593,4,"tf2_2_M_ss3.jpeg","tf2_2_T1_ss3_pd.jpeg",7114,1
"63cd0f1dfbf03914007580df744afee2",1787388468377,5,"tf1_57_M_ss2.jpeg","tf1_57_T1_ss2_pd.jpeg",15480,1
"63cd0f1dfbf03914007580df744afee2",1787388475068,6,"tf1_1_M_ss3.jpeg","tf1_1_T1_ss3_pd.jpeg",5386,1
"63cd0f1dfbf03914007580df744afee2",1787388494988,7,"tf2_52_M_ss2.jpeg","tf2_52_T2_ss2_pd.jpeg",18616,0
"63cd0f1dfbf03914007580df744afee2",1787388525468,8,"tf1_74_M_ss1.jpeg","tf1_74_T2_ss1_pd.jpeg",29178,0
"63cd0f1dfbf03914007580df744afee2",1787388556773,9,"tf2_36_M_ss1.jpeg",NA,30000,0
"63cd0f1dfbf03914007580df744afee2",1787388586339,10,"tf2_46_M_ss2.jpeg","tf2_46_T4_ss2_pd.jpeg",28261,0
"63cd0f1dfbf03914007580df744afee2",1787388616953,11,"tf2_30_M_ss1.jpeg","tf2_30_T1_ss1_pd.jpeg",29312,1
"63cd0f1dfbf03914007580df744afee2",1787388647958,12,"tf1_72_M_ss2.jpeg","tf1_72_T3_ss2_pd.jpeg",29701,0
"63cd0f1dfbf03914007580df744afee2",1787388667248,13,"tf3_59_M_ss2.jpeg","tf3_59_T1_ss2_pd.jpeg",17986,1
"63cd0f1dfbf03914007580df744afee2",1787388698553,14,"tf3_17_M_ss2.jpeg",NA,30000,0
"63cd0f1dfbf03914007580df744afee2",1787388716134,15,"tf2_63_M_ss1.jpeg","tf2_63_T2_ss1_pd.jpeg",16279,0
"63cd0f1dfbf03914007580df744afee2",1787388745669,16,"tf2_76_M_ss2.jpeg","tf2_76_T3_ss2_pd.jpeg",28233,0
"63cd0f1dfbf03914007580df744afee2",1787388765739,17,"tf3_44_M_ss2.jpeg","tf3_44_T1_ss2_pd.jpeg",18767,1
"63cd0f1dfbf03914007580df744afee2",1787388795814,18,"tf1_80_M_ss1.jpeg","tf1_80_T4_ss1_pd.jpeg",28771,0
"63cd0f1dfbf03914007580df744afee2",1787388820069,19,"tf1_55_M_ss3.jpeg","tf1_55_T1_ss3_pd.jpeg",22953,1
"63cd0f1dfbf03914007580df744afee2",1787388838039,20,"tf3_66_M_ss3.jpeg","tf3_66_T2_ss3_pd.jpeg",16666,0
"63cd0f1dfbf03914007580df744afee2",1787388851944,21,"tf2_24_M_ss1.jpeg","tf2_24_T1_ss1_pd.jpeg",12601,1
"63cd0f1dfbf03914007580df744afee2",1787388865984,22,"tf2_42_M_ss1.jpeg","tf2_42_T1_ss1_pd.jpeg",12739,1
"63cd0f1dfbf03914007580df744afee2",1787388891725,23,"tf2_45_M_ss1.jpeg","tf2_45_T1_ss1_pd.jpeg",24439,1
"63cd0f1dfbf03914007580df744afee2",1787388921155,24,"tf3_35_M_ss2.jpeg","tf3_35_T2_ss2_pd.jpeg",28125,0
"63cd0f1dfbf03914007580df744afee2",1787388952459,25,"tf3_21_M_ss3.jpeg",NA,30000,0
"63cd0f1dfbf03914007580df744afee2",1787388977225,26,"tf2_58_M_ss2.jpeg","tf2_58_T1_ss2_md.jpeg",23462,1
"63cd0f1dfbf03914007580df744afee2",1787389008530,27,"tf3_78_M_ss3.jpeg",NA,30000,0
"63cd0f1dfbf03914007580df744afee2",1787389023860,28,"tf3_75_M_ss3.jpeg","tf3_75_T1_ss3_pd.jpeg",14026,1
"63cd0f1dfbf03914007580df744afee2",1787389052630,29,"tf2_29_M_ss3.jpeg","tf2_29_T1_ss3_pd.jpeg",27467,1
"63cd0f1dfbf03914007580df744afee2",1787389083933,30,"tf1_64_M_ss3.jpeg",NA,30000,0
"b9df5180cc86a0bc87510073eaae88be",1787392571626,1,"tf1_57_M_ss2.jpeg","tf1_57_T1_ss2_pd.jpeg",5414,1
"b9df5180cc86a0bc87510073eaae88be",1787392580449,2,"tf2_41_M_ss3.jpeg","tf2_41_T4_ss3_pd.jpeg",7518,0
"b9df5180cc86a0bc87510073eaae88be",1787392588073,3,"tf3_33_M_ss3.jpeg","tf3_33_T2_ss3_pd.jpeg",6320,0
"b9df5180cc86a0bc87510073eaae88be",1787392595798,4,"tf1_1_M_ss3.jpeg","tf1_1_T1_ss3_pd.jpeg",6423,1
"b9df5180cc86a0bc87510073eaae88be",1787392599154,5,"tf3_3_M_ss3.jpeg","tf3_3_T1_ss3_pd.jpeg",2052,1
"b9df5180cc86a0bc87510073eaae88be",1787392602613,6,"tf2_2_M_ss3.jpeg","tf2_2_T1_ss3_pd.jpeg",2156,1
"b9df5180cc86a0bc87510073eaae88be",1787392617315,7,"tf2_76_M_ss2.jpeg","tf2_76_T1_ss2_pd.jpeg",13399,1
"b9df5180cc86a0bc87510073eaae88be",1787392633450,8,"tf2_24_M_ss1.jpeg","tf2_24_T1_ss1_pd.jpeg",14831,1
"b9df5180cc86a0bc87510073eaae88be",1787392664554,9,"tf3_78_M_ss3.jpeg","tf3_78_T1_ss3_pd.jpeg",29800,1
"b9df5180cc86a0bc87510073eaae88be",1787392678550,10,"tf1_64_M_ss3.jpeg","tf1_64_T1_ss3_pd.jpeg",12691,1
"b9df5180cc86a0bc87510073eaae88be",1787392681054,11,"tf1_72_M_ss2.jpeg","tf1_72_T2_ss2_pd.jpeg",1201,0
"b9df5180cc86a0bc87510073eaae88be",1787392689531,12,"tf2_45_M_ss1.jpeg","tf2_45_T1_ss1_pd.jpeg",7174,1
"b9df5180cc86a0bc87510073eaae88be",1787392695244,13,"tf3_75_M_ss3.jpeg","tf3_75_T1_ss3_pd.jpeg",4409,1
"b9df5180cc86a0bc87510073eaae88be",1787392697635,14,"tf3_35_M_ss2.jpeg","tf3_35_T2_ss2_pd.jpeg",1087,0
"b9df5180cc86a0bc87510073eaae88be",1787392700172,15,"tf3_66_M_ss3.jpeg","tf3_66_T3_ss3_pd.jpeg",1233,0
"b9df5180cc86a0bc87510073eaae88be",1787392702505,16,"tf3_17_M_ss2.jpeg","tf3_17_T2_ss2_pd.jpeg",1029,0
"b9df5180cc86a0bc87510073eaae88be",1787392704710,17,"tf2_63_M_ss1.jpeg","tf2_63_T4_ss1_pd.jpeg",901,0
"b9df5180cc86a0bc87510073eaae88be",1787392706995,18,"tf2_52_M_ss2.jpeg","tf2_52_T2_ss2_pd.jpeg",980,0
"b9df5180cc86a0bc87510073eaae88be",1787392709279,19,"tf3_44_M_ss2.jpeg","tf3_44_T4_ss2_pd.jpeg",982,0
"b9df5180cc86a0bc87510073eaae88be",1787392711573,20,"tf2_30_M_ss1.jpeg","tf2_30_T2_ss1_pd.jpeg",990,0
"b9df5180cc86a0bc87510073eaae88be",1787392713833,21,"tf2_36_M_ss1.jpeg","tf2_36_T1_ss1_pd.jpeg",957,1
"b9df5180cc86a0bc87510073eaae88be",1787392716119,22,"tf1_74_M_ss1.jpeg","tf1_74_T2_ss1_pd.jpeg",983,0
"b9df5180cc86a0bc87510073eaae88be",1787392718412,23,"tf2_46_M_ss2.jpeg","tf2_46_T2_ss2_pd.jpeg",989,0
"b9df5180cc86a0bc87510073eaae88be",1787392720713,24,"tf3_21_M_ss3.jpeg","tf3_21_T4_ss3_pd.jpeg",996,0
"b9df5180cc86a0bc87510073eaae88be",1787392722707,25,"tf1_55_M_ss3.jpeg","tf1_55_T2_ss3_pd.jpeg",689,0
"b9df5180cc86a0bc87510073eaae88be",1787392724986,26,"tf1_80_M_ss1.jpeg","tf1_80_T1_ss1_pd.jpeg",976,1
"b9df5180cc86a0bc87510073eaae88be",1787392727189,27,"tf2_29_M_ss3.jpeg","tf2_29_T4_ss3_pd.jpeg",899,0
"b9df5180cc86a0bc87510073eaae88be",1787392729791,28,"tf2_42_M_ss1.jpeg","tf2_42_T1_ss1_pd.jpeg",1298,1
"b9df5180cc86a0bc87510073eaae88be",1787392732101,29,"tf2_58_M_ss2.jpeg","tf2_58_T3_ss2_md.jpeg",1007,0
"b9df5180cc86a0bc87510073eaae88be",1787392734888,30,"tf3_59_M_ss2.jpeg","tf3_59_T2_ss2_pd.jpeg",1483,0
"689b484b67e9a53e60e8f07cab0bf4d5",1787397099573,1,"tf2_41_M_ss3.jpeg","tf2_41_T2_ss3_pd.jpeg",11973,0
"689b484b67e9a53e60e8f07cab0bf4d5",1787397104886,2,"tf3_3_M_ss3.jpeg","tf3_3_T1_ss3_pd.jpeg",4008,1
"689b484b67e9a53e60e8f07cab0bf4d5",1787397118848,3,"tf1_57_M_ss2.jpeg","tf1_57_T1_ss2_pd.jpeg",12658,1
"689b484b67e9a53e60e8f07cab0bf4d5",1787397122890,4,"tf1_1_M_ss3.jpeg","tf1_1_T1_ss3_pd.jpeg",2737,1
"689b484b67e9a53e60e8f07cab0bf4d5",1787397129831,5,"tf2_2_M_ss3.jpeg","tf2_2_T1_ss3_pd.jpeg",5637,1
"689b484b67e9a53e60e8f07cab0bf4d5",1787397137557,6,"tf3_33_M_ss3.jpeg","tf3_33_T1_ss3_pd.jpeg",6423,1
"689b484b67e9a53e60e8f07cab0bf4d5",1787397154731,7,"tf2_45_M_ss1.jpeg","tf2_45_T1_ss1_pd.jpeg",15870,1
"50ebf0cde4a1982e9cd6b649db8f37f2",1787395602509,1,"tf1_57_M_ss2.jpeg","tf1_57_T4_ss2_pd.jpeg",5412,0
"50ebf0cde4a1982e9cd6b649db8f37f2",1787395605856,2,"tf1_1_M_ss3.jpeg","tf1_1_T1_ss3_pd.jpeg",2041,1
"50ebf0cde4a1982e9cd6b649db8f37f2",1787395608566,3,"tf3_3_M_ss3.jpeg","tf3_3_T1_ss3_pd.jpeg",1403,1
"50ebf0cde4a1982e9cd6b649db8f37f2",1787395614576,4,"tf3_33_M_ss3.jpeg","tf3_33_T2_ss3_pd.jpeg",4703,0
"50ebf0cde4a1982e9cd6b649db8f37f2",1787395618318,5,"tf2_2_M_ss3.jpeg","tf2_2_T1_ss3_pd.jpeg",2438,1
"50ebf0cde4a1982e9cd6b649db8f37f2",1787395626616,6,"tf2_41_M_ss3.jpeg","tf2_41_T1_ss3_pd.jpeg",6991,1
"50ebf0cde4a1982e9cd6b649db8f37f2",1787395639660,7,"tf3_78_M_ss3.jpeg","tf3_78_T3_ss3_pd.jpeg",11737,0
"50ebf0cde4a1982e9cd6b649db8f37f2",1787395646168,8,"tf3_17_M_ss2.jpeg","tf3_17_T3_ss2_pd.jpeg",5203,0
"50ebf0cde4a1982e9cd6b649db8f37f2",1787395655822,9,"tf2_42_M_ss1.jpeg","tf2_42_T3_ss1_pd.jpeg",8349,0
"50ebf0cde4a1982e9cd6b649db8f37f2",1787395670280,10,"tf2_29_M_ss3.jpeg","tf2_29_T2_ss3_pd.jpeg",13153,0
"50ebf0cde4a1982e9cd6b649db8f37f2",1787395677808,11,"tf3_21_M_ss3.jpeg","tf3_21_T3_ss3_pd.jpeg",6223,0
"50ebf0cde4a1982e9cd6b649db8f37f2",1787395698364,12,"tf2_58_M_ss2.jpeg","tf2_58_T1_ss2_md.jpeg",19253,1
"50ebf0cde4a1982e9cd6b649db8f37f2",1787395713740,13,"tf1_72_M_ss2.jpeg","tf1_72_T1_ss2_pd.jpeg",14071,1
"50ebf0cde4a1982e9cd6b649db8f37f2",1787395734519,14,"tf2_46_M_ss2.jpeg","tf2_46_T4_ss2_pd.jpeg",19472,0
"50ebf0cde4a1982e9cd6b649db8f37f2",1787395743344,15,"tf1_74_M_ss1.jpeg","tf1_74_T4_ss1_pd.jpeg",7518,0
"50ebf0cde4a1982e9cd6b649db8f37f2",1787395770227,16,"tf3_59_M_ss2.jpeg","tf3_59_T3_ss2_pd.jpeg",25578,0
"50ebf0cde4a1982e9cd6b649db8f37f2",1787395775314,17,"tf3_35_M_ss2.jpeg","tf3_35_T1_ss2_pd.jpeg",3782,1
"50ebf0cde4a1982e9cd6b649db8f37f2",1787395798678,18,"tf2_24_M_ss1.jpeg","tf2_24_T2_ss1_pd.jpeg",22057,0
"50ebf0cde4a1982e9cd6b649db8f37f2",1787395810919,19,"tf1_80_M_ss1.jpeg","tf1_80_T3_ss1_pd.jpeg",10934,0
"50ebf0cde4a1982e9cd6b649db8f37f2",1787395818802,20,"tf2_30_M_ss1.jpeg","tf2_30_T1_ss1_pd.jpeg",6579,1
"50ebf0cde4a1982e9cd6b649db8f37f2",1787395825189,21,"tf2_52_M_ss2.jpeg","tf2_52_T1_ss2_pd.jpeg",5082,1
"50ebf0cde4a1982e9cd6b649db8f37f2",1787395828730,22,"tf2_45_M_ss1.jpeg","tf2_45_T3_ss1_pd.jpeg",2236,0
"50ebf0cde4a1982e9cd6b649db8f37f2",1787395832257,23,"tf3_44_M_ss2.jpeg","tf3_44_T4_ss2_pd.jpeg",2225,0
"50ebf0cde4a1982e9cd6b649db8f37f2",1787395837647,24,"tf2_36_M_ss1.jpeg","tf2_36_T1_ss1_pd.jpeg",4085,1
"50ebf0cde4a1982e9cd6b649db8f37f2",1787395842690,25,"tf1_64_M_ss3.jpeg","tf1_64_T1_ss3_pd.jpeg",3736,1
"50ebf0cde4a1982e9cd6b649db8f37f2",1787395861690,26,"tf3_75_M_ss3.jpeg","tf3_75_T1_ss3_pd.jpeg",17694,1
"50ebf0cde4a1982e9cd6b649db8f37f2",1787395869011,27,"tf2_63_M_ss1.jpeg","tf2_63_T4_ss1_pd.jpeg",6014,0
"50ebf0cde4a1982e9cd6b649db8f37f2",1787395877160,28,"tf2_76_M_ss2.jpeg","tf2_76_T3_ss2_pd.jpeg",6844,0
"50ebf0cde4a1982e9cd6b649db8f37f2",1787395882045,29,"tf3_66_M_ss3.jpeg","tf3_66_T1_ss3_pd.jpeg",3580,1
"50ebf0cde4a1982e9cd6b649db8f37f2",1787395895733,30,"tf1_55_M_ss3.jpeg","tf1_55_T4_ss3_pd.jpeg",12386,0
"2628cf33d0fcac02f6c501a89ac47971",1787397220028,1,"tf2_2_M_ss3.jpeg","tf2_2_T1_ss3_pd.jpeg",2058,1
"2628cf33d0fcac02f6c501a89ac47971",1787397222990,2,"tf3_3_M_ss3.jpeg","tf3_3_T1_ss3_pd.jpeg",1658,1
"2628cf33d0fcac02f6c501a89ac47971",1787397226120,3,"tf1_1_M_ss3.jpeg","tf1_1_T1_ss3_pd.jpeg",1825,1
"2628cf33d0fcac02f6c501a89ac47971",1787397229181,4,"tf1_57_M_ss2.jpeg","tf1_57_T3_ss2_pd.jpeg",1756,0
"2628cf33d0fcac02f6c501a89ac47971",1787397235606,5,"tf2_41_M_ss3.jpeg","tf2_41_T1_ss3_pd.jpeg",5122,1
"2628cf33d0fcac02f6c501a89ac47971",1787397240057,6,"tf3_33_M_ss3.jpeg","tf3_33_T1_ss3_pd.jpeg",3147,1
"2628cf33d0fcac02f6c501a89ac47971",1787397245782,7,"tf2_46_M_ss2.jpeg","tf2_46_T3_ss2_pd.jpeg",4422,0
"2628cf33d0fcac02f6c501a89ac47971",1787397265840,8,"tf3_21_M_ss3.jpeg","tf3_21_T1_ss3_pd.jpeg",18755,1
"2628cf33d0fcac02f6c501a89ac47971",1787397270386,9,"tf1_72_M_ss2.jpeg","tf1_72_T2_ss2_pd.jpeg",3243,0
"2628cf33d0fcac02f6c501a89ac47971",1787397277837,10,"tf1_55_M_ss3.jpeg","tf1_55_T3_ss3_pd.jpeg",6147,0
"2628cf33d0fcac02f6c501a89ac47971",1787397283161,11,"tf2_76_M_ss2.jpeg","tf2_76_T4_ss2_pd.jpeg",4020,0
"2628cf33d0fcac02f6c501a89ac47971",1787397305857,12,"tf2_30_M_ss1.jpeg","tf2_30_T1_ss1_pd.jpeg",21394,1
"2628cf33d0fcac02f6c501a89ac47971",1787397326020,13,"tf2_63_M_ss1.jpeg","tf2_63_T1_ss1_pd.jpeg",18860,1
"2628cf33d0fcac02f6c501a89ac47971",1787397332261,14,"tf2_24_M_ss1.jpeg","tf2_24_T4_ss1_pd.jpeg",4938,0
"2628cf33d0fcac02f6c501a89ac47971",1787397340798,15,"tf2_42_M_ss1.jpeg","tf2_42_T1_ss1_pd.jpeg",7234,1
"2628cf33d0fcac02f6c501a89ac47971",1787397352770,16,"tf3_35_M_ss2.jpeg","tf3_35_T1_ss2_pd.jpeg",10668,1
"2628cf33d0fcac02f6c501a89ac47971",1787397355565,17,"tf3_44_M_ss2.jpeg","tf3_44_T3_ss2_pd.jpeg",1491,0
"2628cf33d0fcac02f6c501a89ac47971",1787397365578,18,"tf2_45_M_ss1.jpeg","tf2_45_T1_ss1_pd.jpeg",8708,1
"2628cf33d0fcac02f6c501a89ac47971",1787397372289,19,"tf3_66_M_ss3.jpeg","tf3_66_T4_ss3_pd.jpeg",5407,0
"2628cf33d0fcac02f6c501a89ac47971",1787397380985,20,"tf3_59_M_ss2.jpeg","tf3_59_T2_ss2_pd.jpeg",7391,0
"2628cf33d0fcac02f6c501a89ac47971",1787397401635,21,"tf1_64_M_ss3.jpeg","tf1_64_T1_ss3_pd.jpeg",19345,1
"2628cf33d0fcac02f6c501a89ac47971",1787397412645,22,"tf3_78_M_ss3.jpeg","tf3_78_T1_ss3_pd.jpeg",9705,1
"2628cf33d0fcac02f6c501a89ac47971",1787397425890,23,"tf2_58_M_ss2.jpeg","tf2_58_T2_ss2_md.jpeg",11941,0
"2628cf33d0fcac02f6c501a89ac47971",1787397437618,24,"tf1_80_M_ss1.jpeg","tf1_80_T1_ss1_pd.jpeg",10424,1
"2628cf33d0fcac02f6c501a89ac47971",1787397441053,25,"tf3_75_M_ss3.jpeg","tf3_75_T3_ss3_pd.jpeg",2131,0
"2628cf33d0fcac02f6c501a89ac47971",1787397451969,26,"tf2_52_M_ss2.jpeg","tf2_52_T1_ss2_pd.jpeg",9612,1
"2628cf33d0fcac02f6c501a89ac47971",1787397458391,27,"tf2_36_M_ss1.jpeg","tf2_36_T1_ss1_pd.jpeg",5117,1
"2628cf33d0fcac02f6c501a89ac47971",1787397466994,28,"tf2_29_M_ss3.jpeg","tf2_29_T4_ss3_pd.jpeg",7300,0
"2628cf33d0fcac02f6c501a89ac47971",1787397473223,29,"tf1_74_M_ss1.jpeg","tf1_74_T1_ss1_pd.jpeg",4924,1
"2628cf33d0fcac02f6c501a89ac47971",1787397477777,30,"tf3_17_M_ss2.jpeg","tf3_17_T2_ss2_pd.jpeg",3250,0
"e6615d62116b6486a1e37ea56bfb192f",1787416899903,1,"tf1_57_M_ss2.jpeg","tf1_57_T4_ss2_pd.jpeg",5009,0
"e6615d62116b6486a1e37ea56bfb192f",1787416906170,2,"tf3_3_M_ss3.jpeg","tf3_3_T1_ss3_pd.jpeg",4960,1
"e6615d62116b6486a1e37ea56bfb192f",1787416913923,3,"tf2_2_M_ss3.jpeg","tf2_2_T1_ss3_pd.jpeg",6449,1
"e6615d62116b6486a1e37ea56bfb192f",1787416942812,4,"tf3_33_M_ss3.jpeg","tf3_33_T1_ss3_pd.jpeg",27584,1
"e6615d62116b6486a1e37ea56bfb192f",1787416947714,5,"tf1_1_M_ss3.jpeg","tf1_1_T1_ss3_pd.jpeg",3595,1
"e6615d62116b6486a1e37ea56bfb192f",1787416971099,6,"tf2_41_M_ss3.jpeg","tf2_41_T1_ss3_pd.jpeg",22078,1
"e6615d62116b6486a1e37ea56bfb192f",1787416976419,7,"tf3_78_M_ss3.jpeg","tf3_78_T1_ss3_pd.jpeg",4013,1
"e6615d62116b6486a1e37ea56bfb192f",1787416988910,8,"tf3_44_M_ss2.jpeg","tf3_44_T1_ss2_pd.jpeg",11184,1
"e6615d62116b6486a1e37ea56bfb192f",1787417020238,9,"tf2_63_M_ss1.jpeg",NA,30000,0
"e6615d62116b6486a1e37ea56bfb192f",1787417037728,10,"tf3_35_M_ss2.jpeg","tf3_35_T1_ss2_pd.jpeg",16176,1
"e6615d62116b6486a1e37ea56bfb192f",1787417067320,11,"tf2_76_M_ss2.jpeg","tf2_76_T4_ss2_pd.jpeg",28288,0
"e6615d62116b6486a1e37ea56bfb192f",1787417074140,12,"tf2_29_M_ss3.jpeg","tf2_29_T1_ss3_pd.jpeg",5514,1
"e6615d62116b6486a1e37ea56bfb192f",1787417077489,13,"tf1_74_M_ss1.jpeg","tf1_74_T2_ss1_pd.jpeg",2041,0
"e6615d62116b6486a1e37ea56bfb192f",1787417081739,14,"tf2_45_M_ss1.jpeg","tf2_45_T3_ss1_pd.jpeg",2944,0
"e6615d62116b6486a1e37ea56bfb192f",1787417099727,15,"tf1_80_M_ss1.jpeg","tf1_80_T4_ss1_pd.jpeg",16681,0
"e6615d62116b6486a1e37ea56bfb192f",1787417106695,16,"tf1_72_M_ss2.jpeg","tf1_72_T1_ss2_pd.jpeg",5662,1
"e6615d62116b6486a1e37ea56bfb192f",1787417112262,17,"tf3_17_M_ss2.jpeg","tf3_17_T2_ss2_pd.jpeg",4261,0
"e6615d62116b6486a1e37ea56bfb192f",1787417122450,18,"tf3_59_M_ss2.jpeg","tf3_59_T3_ss2_pd.jpeg",8880,0
"e6615d62116b6486a1e37ea56bfb192f",1787417126866,19,"tf2_36_M_ss1.jpeg","tf2_36_T2_ss1_pd.jpeg",3110,0
"e6615d62116b6486a1e37ea56bfb192f",1787417130716,20,"tf2_24_M_ss1.jpeg","tf2_24_T3_ss1_pd.jpeg",2544,0
"e6615d62116b6486a1e37ea56bfb192f",1787417133469,21,"tf2_42_M_ss1.jpeg","tf2_42_T1_ss1_pd.jpeg",1446,1
"e6615d62116b6486a1e37ea56bfb192f",1787417135900,22,"tf2_30_M_ss1.jpeg","tf2_30_T4_ss1_pd.jpeg",1125,0
"e6615d62116b6486a1e37ea56bfb192f",1787417139884,23,"tf3_21_M_ss3.jpeg","tf3_21_T4_ss3_pd.jpeg",2676,0
"e6615d62116b6486a1e37ea56bfb192f",1787417143018,24,"tf3_66_M_ss3.jpeg","tf3_66_T3_ss3_pd.jpeg",1827,0
"e6615d62116b6486a1e37ea56bfb192f",1787417146971,25,"tf2_58_M_ss2.jpeg","tf2_58_T3_ss2_md.jpeg",2647,0
"e6615d62116b6486a1e37ea56bfb192f",1787417149536,26,"tf3_75_M_ss3.jpeg","tf3_75_T1_ss3_pd.jpeg",1259,1
"e6615d62116b6486a1e37ea56bfb192f",1787417152904,27,"tf2_46_M_ss2.jpeg","tf2_46_T3_ss2_pd.jpeg",2060,0
"e6615d62116b6486a1e37ea56bfb192f",1787417156537,28,"tf1_55_M_ss3.jpeg","tf1_55_T1_ss3_pd.jpeg",2326,1
"e6615d62116b6486a1e37ea56bfb192f",1787417599197,29,"tf1_64_M_ss3.jpeg",NA,30000,0
"e6615d62116b6486a1e37ea56bfb192f",1787417602274,30,"tf2_52_M_ss2.jpeg","tf2_52_T2_ss2_pd.jpeg",1767,0
"9ae9d4e3e4ac5d4abb22f42c31ab9d41",1787401333422,1,"tf1_57_M_ss2.jpeg","tf1_57_T1_ss2_pd.jpeg",2176,1
"9ae9d4e3e4ac5d4abb22f42c31ab9d41",1787401336006,2,"tf1_1_M_ss3.jpeg","tf1_1_T3_ss3_pd.jpeg",1278,0
"9ae9d4e3e4ac5d4abb22f42c31ab9d41",1787401338950,3,"tf2_41_M_ss3.jpeg","tf2_41_T2_ss3_pd.jpeg",1639,0
"9ae9d4e3e4ac5d4abb22f42c31ab9d41",1787401341275,4,"tf2_2_M_ss3.jpeg","tf2_2_T2_ss3_pd.jpeg",1017,0
"9ae9d4e3e4ac5d4abb22f42c31ab9d41",1787401343209,5,"tf3_33_M_ss3.jpeg","tf3_33_T3_ss3_pd.jpeg",626,0
"9ae9d4e3e4ac5d4abb22f42c31ab9d41",1787401345027,6,"tf3_3_M_ss3.jpeg","tf3_3_T4_ss3_pd.jpeg",514,0
"9ae9d4e3e4ac5d4abb22f42c31ab9d41",1787401347002,7,"tf2_42_M_ss1.jpeg","tf2_42_T3_ss1_pd.jpeg",671,0
"9ae9d4e3e4ac5d4abb22f42c31ab9d41",1787401348989,8,"tf3_35_M_ss2.jpeg","tf3_35_T2_ss2_pd.jpeg",682,0
"9ae9d4e3e4ac5d4abb22f42c31ab9d41",1787401350919,9,"tf3_78_M_ss3.jpeg","tf3_78_T1_ss3_pd.jpeg",623,1
"9ae9d4e3e4ac5d4abb22f42c31ab9d41",1787401352691,10,"tf3_17_M_ss2.jpeg","tf3_17_T2_ss2_pd.jpeg",465,0
"9ae9d4e3e4ac5d4abb22f42c31ab9d41",1787401354516,11,"tf2_52_M_ss2.jpeg","tf2_52_T3_ss2_pd.jpeg",520,0
"9ae9d4e3e4ac5d4abb22f42c31ab9d41",1787401356545,12,"tf2_45_M_ss1.jpeg","tf2_45_T3_ss1_pd.jpeg",722,0
"9ae9d4e3e4ac5d4abb22f42c31ab9d41",1787401358596,13,"tf2_58_M_ss2.jpeg","tf2_58_T2_ss2_md.jpeg",746,0
"9ae9d4e3e4ac5d4abb22f42c31ab9d41",1787401360460,14,"tf3_75_M_ss3.jpeg","tf3_75_T4_ss3_pd.jpeg",558,0
"9ae9d4e3e4ac5d4abb22f42c31ab9d41",1787401362378,15,"tf3_21_M_ss3.jpeg","tf3_21_T1_ss3_pd.jpeg",614,1
"9ae9d4e3e4ac5d4abb22f42c31ab9d41",1787401364229,16,"tf1_80_M_ss1.jpeg","tf1_80_T3_ss1_pd.jpeg",544,0
"9ae9d4e3e4ac5d4abb22f42c31ab9d41",1787401366053,17,"tf2_76_M_ss2.jpeg","tf2_76_T3_ss2_pd.jpeg",519,0
"9ae9d4e3e4ac5d4abb22f42c31ab9d41",1787401368312,18,"tf1_55_M_ss3.jpeg","tf1_55_T4_ss3_pd.jpeg",954,0
"9ae9d4e3e4ac5d4abb22f42c31ab9d41",1787401370518,19,"tf3_44_M_ss2.jpeg","tf3_44_T4_ss2_pd.jpeg",899,0
"9ae9d4e3e4ac5d4abb22f42c31ab9d41",1787401372619,20,"tf2_24_M_ss1.jpeg","tf2_24_T2_ss1_pd.jpeg",795,0
"9ae9d4e3e4ac5d4abb22f42c31ab9d41",1787401374895,21,"tf2_46_M_ss2.jpeg","tf2_46_T3_ss2_pd.jpeg",972,0
"9ae9d4e3e4ac5d4abb22f42c31ab9d41",1787401377838,22,"tf3_59_M_ss2.jpeg","tf3_59_T1_ss2_pd.jpeg",1638,1
"9ae9d4e3e4ac5d4abb22f42c31ab9d41",1787401380114,23,"tf2_36_M_ss1.jpeg","tf2_36_T4_ss1_pd.jpeg",969,0
"9ae9d4e3e4ac5d4abb22f42c31ab9d41",1787401381999,24,"tf1_74_M_ss1.jpeg","tf1_74_T3_ss1_pd.jpeg",579,0
"9ae9d4e3e4ac5d4abb22f42c31ab9d41",1787401383916,25,"tf1_64_M_ss3.jpeg","tf1_64_T3_ss3_pd.jpeg",611,0
"9ae9d4e3e4ac5d4abb22f42c31ab9d41",1787401385874,26,"tf2_30_M_ss1.jpeg","tf2_30_T2_ss1_pd.jpeg",654,0
"9ae9d4e3e4ac5d4abb22f42c31ab9d41",1787401387722,27,"tf2_63_M_ss1.jpeg","tf2_63_T3_ss1_pd.jpeg",542,0
"9ae9d4e3e4ac5d4abb22f42c31ab9d41",1787401389604,28,"tf1_72_M_ss2.jpeg","tf1_72_T1_ss2_pd.jpeg",575,1
"9ae9d4e3e4ac5d4abb22f42c31ab9d41",1787401391571,29,"tf3_66_M_ss3.jpeg","tf3_66_T1_ss3_pd.jpeg",664,1
"9ae9d4e3e4ac5d4abb22f42c31ab9d41",1787401392984,30,"tf2_29_M_ss3.jpeg","tf2_29_T4_ss3_pd.jpeg",106,0
"0fa141b24375d8a5c572a4674c8efe79",1787403685150,1,"tf2_2_M_ss3.jpeg","tf2_2_T1_ss3_pd.jpeg",3503,1
"0fa141b24375d8a5c572a4674c8efe79",1787403688693,2,"tf1_1_M_ss3.jpeg","tf1_1_T1_ss3_pd.jpeg",2235,1
"0fa141b24375d8a5c572a4674c8efe79",1787403695179,3,"tf1_57_M_ss2.jpeg","tf1_57_T1_ss2_pd.jpeg",5160,1
"0fa141b24375d8a5c572a4674c8efe79",1787403702642,4,"tf2_41_M_ss3.jpeg","tf2_41_T1_ss3_pd.jpeg",6158,1
"0fa141b24375d8a5c572a4674c8efe79",1787403706545,5,"tf3_3_M_ss3.jpeg","tf3_3_T1_ss3_pd.jpeg",2568,1
"0fa141b24375d8a5c572a4674c8efe79",1787403713863,6,"tf3_33_M_ss3.jpeg","tf3_33_T1_ss3_pd.jpeg",5988,1
"0fa141b24375d8a5c572a4674c8efe79",1787403744656,7,"tf1_64_M_ss3.jpeg","tf1_64_T1_ss3_pd.jpeg",29471,1
"0fa141b24375d8a5c572a4674c8efe79",1787403767992,8,"tf2_52_M_ss2.jpeg","tf2_52_T1_ss2_pd.jpeg",22017,1
"0fa141b24375d8a5c572a4674c8efe79",1787403778546,9,"tf3_44_M_ss2.jpeg","tf3_44_T4_ss2_pd.jpeg",9224,0
"0fa141b24375d8a5c572a4674c8efe79",1787403798984,10,"tf1_72_M_ss2.jpeg","tf1_72_T4_ss2_pd.jpeg",19111,0
"0fa141b24375d8a5c572a4674c8efe79",1787403815138,11,"tf3_75_M_ss3.jpeg","tf3_75_T1_ss3_pd.jpeg",14840,1
"0fa141b24375d8a5c572a4674c8efe79",1787403827098,12,"tf3_78_M_ss3.jpeg","tf3_78_T2_ss3_pd.jpeg",10654,0
"0fa141b24375d8a5c572a4674c8efe79",1787403838031,13,"tf2_63_M_ss1.jpeg","tf2_63_T2_ss1_pd.jpeg",9616,0
"0fa141b24375d8a5c572a4674c8efe79",1787403863782,14,"tf2_29_M_ss3.jpeg","tf2_29_T1_ss3_pd.jpeg",24446,1
"0fa141b24375d8a5c572a4674c8efe79",1787403895109,15,"tf3_21_M_ss3.jpeg",NA,30000,0
"0fa141b24375d8a5c572a4674c8efe79",1787403907502,16,"tf1_74_M_ss1.jpeg","tf1_74_T1_ss1_pd.jpeg",11080,1
"0fa141b24375d8a5c572a4674c8efe79",1787403920130,17,"tf2_24_M_ss1.jpeg","tf2_24_T1_ss1_pd.jpeg",11321,1
"0fa141b24375d8a5c572a4674c8efe79",1787403939769,18,"tf3_35_M_ss2.jpeg","tf3_35_T1_ss2_pd.jpeg",18333,1
"0fa141b24375d8a5c572a4674c8efe79",1787403957898,19,"tf2_42_M_ss1.jpeg","tf2_42_T1_ss1_pd.jpeg",16791,1
"0fa141b24375d8a5c572a4674c8efe79",1787403969096,20,"tf2_45_M_ss1.jpeg","tf2_45_T3_ss1_pd.jpeg",9888,0
"0fa141b24375d8a5c572a4674c8efe79",1787403980346,21,"tf3_66_M_ss3.jpeg","tf3_66_T2_ss3_pd.jpeg",9941,0
"0fa141b24375d8a5c572a4674c8efe79",1787404001776,22,"tf1_55_M_ss3.jpeg","tf1_55_T1_ss3_pd.jpeg",20104,1
"0fa141b24375d8a5c572a4674c8efe79",1787404018759,23,"tf2_76_M_ss2.jpeg","tf2_76_T1_ss2_pd.jpeg",15670,1
"0fa141b24375d8a5c572a4674c8efe79",1787404036119,24,"tf2_36_M_ss1.jpeg","tf2_36_T1_ss1_pd.jpeg",16024,1
"0fa141b24375d8a5c572a4674c8efe79",1787404063817,25,"tf1_80_M_ss1.jpeg","tf1_80_T1_ss1_pd.jpeg",26385,1
"0fa141b24375d8a5c572a4674c8efe79",1787404075560,26,"tf2_30_M_ss1.jpeg","tf2_30_T1_ss1_pd.jpeg",10434,1
"0fa141b24375d8a5c572a4674c8efe79",1787404099215,27,"tf2_58_M_ss2.jpeg","tf2_58_T1_ss2_md.jpeg",22342,1
"0fa141b24375d8a5c572a4674c8efe79",1787404129287,28,"tf3_17_M_ss2.jpeg","tf3_17_T1_ss2_pd.jpeg",28758,1
"0fa141b24375d8a5c572a4674c8efe79",1787404149158,29,"tf2_46_M_ss2.jpeg","tf2_46_T1_ss2_pd.jpeg",18508,1
"0fa141b24375d8a5c572a4674c8efe79",1787404168523,30,"tf3_59_M_ss2.jpeg","tf3_59_T1_ss2_pd.jpeg",18059,1
"ea4e0717c80f9acbca2e96ad5d2afbba",1787405482573,1,"tf1_57_M_ss2.jpeg","tf1_57_T1_ss2_pd.jpeg",19890,1
"ea4e0717c80f9acbca2e96ad5d2afbba",1787405486812,2,"tf1_1_M_ss3.jpeg","tf1_1_T1_ss3_pd.jpeg",2922,1
"ea4e0717c80f9acbca2e96ad5d2afbba",1787405491861,3,"tf2_2_M_ss3.jpeg","tf2_2_T1_ss3_pd.jpeg",3732,1
"ea4e0717c80f9acbca2e96ad5d2afbba",1787405497973,4,"tf2_41_M_ss3.jpeg","tf2_41_T1_ss3_pd.jpeg",4804,1
"ea4e0717c80f9acbca2e96ad5d2afbba",1787405501532,5,"tf3_3_M_ss3.jpeg","tf3_3_T1_ss3_pd.jpeg",2250,1
"ea4e0717c80f9acbca2e96ad5d2afbba",1787405508668,6,"tf3_33_M_ss3.jpeg","tf3_33_T1_ss3_pd.jpeg",5808,1
"ea4e0717c80f9acbca2e96ad5d2afbba",1787405530076,7,"tf2_30_M_ss1.jpeg","tf2_30_T1_ss1_pd.jpeg",20103,1
"ea4e0717c80f9acbca2e96ad5d2afbba",1787405553524,8,"tf2_76_M_ss2.jpeg","tf2_76_T1_ss2_pd.jpeg",22122,1
"ea4e0717c80f9acbca2e96ad5d2afbba",1787405583948,9,"tf3_66_M_ss3.jpeg","tf3_66_T2_ss3_pd.jpeg",29102,0
"ea4e0717c80f9acbca2e96ad5d2afbba",1787405605660,10,"tf1_80_M_ss1.jpeg","tf1_80_T4_ss1_pd.jpeg",20389,0
"ea4e0717c80f9acbca2e96ad5d2afbba",1787405614140,11,"tf1_72_M_ss2.jpeg","tf1_72_T2_ss2_pd.jpeg",7169,0
"ea4e0717c80f9acbca2e96ad5d2afbba",1787405625276,12,"tf3_59_M_ss2.jpeg","tf3_59_T2_ss2_pd.jpeg",9819,0
"ea4e0717c80f9acbca2e96ad5d2afbba",1787405631060,13,"tf3_17_M_ss2.jpeg","tf3_17_T3_ss2_pd.jpeg",4476,0
"ea4e0717c80f9acbca2e96ad5d2afbba",1787405639772,14,"tf3_21_M_ss3.jpeg","tf3_21_T3_ss3_pd.jpeg",7397,0
"ea4e0717c80f9acbca2e96ad5d2afbba",1787405647164,15,"tf2_46_M_ss2.jpeg","tf2_46_T1_ss2_pd.jpeg",6084,1
"ea4e0717c80f9acbca2e96ad5d2afbba",1787405655580,16,"tf2_52_M_ss2.jpeg","tf2_52_T1_ss2_pd.jpeg",7114,1
"ea4e0717c80f9acbca2e96ad5d2afbba",1787405661540,17,"tf2_36_M_ss1.jpeg","tf2_36_T1_ss1_pd.jpeg",4648,1
"ea4e0717c80f9acbca2e96ad5d2afbba",1787405666036,18,"tf3_44_M_ss2.jpeg","tf3_44_T2_ss2_pd.jpeg",3182,0
"ea4e0717c80f9acbca2e96ad5d2afbba",1787405674084,19,"tf1_55_M_ss3.jpeg","tf1_55_T1_ss3_pd.jpeg",6742,1
"ea4e0717c80f9acbca2e96ad5d2afbba",1787405681396,20,"tf3_35_M_ss2.jpeg","tf3_35_T1_ss2_pd.jpeg",6006,1
"ea4e0717c80f9acbca2e96ad5d2afbba",1787405689004,21,"tf1_64_M_ss3.jpeg","tf1_64_T2_ss3_pd.jpeg",6294,0
"ea4e0717c80f9acbca2e96ad5d2afbba",1787405697588,22,"tf2_58_M_ss2.jpeg","tf2_58_T1_ss2_md.jpeg",7268,1
"ea4e0717c80f9acbca2e96ad5d2afbba",1787405706756,23,"tf2_63_M_ss1.jpeg","tf2_63_T4_ss1_pd.jpeg",7863,0
"ea4e0717c80f9acbca2e96ad5d2afbba",1787405716011,24,"tf2_24_M_ss1.jpeg","tf2_24_T4_ss1_pd.jpeg",7933,0
"ea4e0717c80f9acbca2e96ad5d2afbba",1787405726164,25,"tf2_42_M_ss1.jpeg","tf2_42_T4_ss1_pd.jpeg",8830,0
"ea4e0717c80f9acbca2e96ad5d2afbba",1787405734244,26,"tf2_29_M_ss3.jpeg","tf2_29_T4_ss3_pd.jpeg",6767,0
"ea4e0717c80f9acbca2e96ad5d2afbba",1787405741251,27,"tf3_75_M_ss3.jpeg","tf3_75_T1_ss3_pd.jpeg",5694,1
"ea4e0717c80f9acbca2e96ad5d2afbba",1787405746972,28,"tf2_45_M_ss1.jpeg","tf2_45_T3_ss1_pd.jpeg",4403,0
"ea4e0717c80f9acbca2e96ad5d2afbba",1787405754492,29,"tf1_74_M_ss1.jpeg","tf1_74_T1_ss1_pd.jpeg",6205,1
"ea4e0717c80f9acbca2e96ad5d2afbba",1787405762292,30,"tf3_78_M_ss3.jpeg","tf3_78_T4_ss3_pd.jpeg",6484,0
"057bda82b2dcf647d171df002af958b3",1787427943856,1,"tf3_33_M_ss3.jpeg","tf3_33_T3_ss3_pd.jpeg",6425,0
"057bda82b2dcf647d171df002af958b3",1787427950088,2,"tf2_41_M_ss3.jpeg","tf2_41_T1_ss3_pd.jpeg",4928,1
"057bda82b2dcf647d171df002af958b3",1787427960071,3,"tf1_57_M_ss2.jpeg","tf1_57_T1_ss2_pd.jpeg",8679,1
"057bda82b2dcf647d171df002af958b3",1787427963889,4,"tf1_1_M_ss3.jpeg","tf1_1_T1_ss3_pd.jpeg",2513,1
"057bda82b2dcf647d171df002af958b3",1787427968204,5,"tf2_2_M_ss3.jpeg","tf2_2_T1_ss3_pd.jpeg",3010,1
"057bda82b2dcf647d171df002af958b3",1787427971538,6,"tf3_3_M_ss3.jpeg","tf3_3_T1_ss3_pd.jpeg",2028,1
"057bda82b2dcf647d171df002af958b3",1787428001512,7,"tf2_29_M_ss3.jpeg","tf2_29_T3_ss3_pd.jpeg",28668,0
"057bda82b2dcf647d171df002af958b3",1787428024504,8,"tf1_72_M_ss2.jpeg","tf1_72_T2_ss2_pd.jpeg",21686,0
"057bda82b2dcf647d171df002af958b3",1787428055813,9,"tf2_30_M_ss1.jpeg",NA,30000,0
"057bda82b2dcf647d171df002af958b3",1787428087117,10,"tf3_21_M_ss3.jpeg",NA,30000,0
"057bda82b2dcf647d171df002af958b3",1787428111656,11,"tf2_36_M_ss1.jpeg","tf2_36_T1_ss1_pd.jpeg",23234,1
"057bda82b2dcf647d171df002af958b3",1787428139654,12,"tf3_44_M_ss2.jpeg","tf3_44_T1_ss2_pd.jpeg",26694,1
"057bda82b2dcf647d171df002af958b3",1787428164119,13,"tf2_42_M_ss1.jpeg","tf2_42_T1_ss1_pd.jpeg",23161,1
"057bda82b2dcf647d171df002af958b3",1787428181086,14,"tf2_45_M_ss1.jpeg","tf2_45_T1_ss1_pd.jpeg",15663,1
"057bda82b2dcf647d171df002af958b3",1787428210517,15,"tf3_66_M_ss3.jpeg","tf3_66_T3_ss3_pd.jpeg",28126,0
"057bda82b2dcf647d171df002af958b3",1787428229749,16,"tf2_63_M_ss1.jpeg","tf2_63_T1_ss1_pd.jpeg",17927,1
"057bda82b2dcf647d171df002af958b3",1787428260093,17,"tf1_74_M_ss1.jpeg","tf1_74_T1_ss1_pd.jpeg",29039,1
"057bda82b2dcf647d171df002af958b3",1787428280220,18,"tf3_78_M_ss3.jpeg","tf3_78_T1_ss3_pd.jpeg",18823,1
"057bda82b2dcf647d171df002af958b3",1787428309166,19,"tf2_52_M_ss2.jpeg","tf2_52_T3_ss2_pd.jpeg",27642,0
"057bda82b2dcf647d171df002af958b3",1787428340471,20,"tf1_64_M_ss3.jpeg",NA,30000,0
"057bda82b2dcf647d171df002af958b3",1787428371777,21,"tf3_59_M_ss2.jpeg",NA,30000,0
"057bda82b2dcf647d171df002af958b3",1787428388872,22,"tf2_76_M_ss2.jpeg","tf2_76_T1_ss2_pd.jpeg",15790,1
"057bda82b2dcf647d171df002af958b3",1787428409718,23,"tf2_24_M_ss1.jpeg","tf2_24_T1_ss1_pd.jpeg",19542,1
"057bda82b2dcf647d171df002af958b3",1787428441023,24,"tf3_17_M_ss2.jpeg",NA,30000,0
"057bda82b2dcf647d171df002af958b3",1787428470809,25,"tf3_35_M_ss2.jpeg","tf3_35_T2_ss2_pd.jpeg",28482,0
"057bda82b2dcf647d171df002af958b3",1787428493312,26,"tf1_55_M_ss3.jpeg","tf1_55_T2_ss3_pd.jpeg",21198,0
"057bda82b2dcf647d171df002af958b3",1787428511871,27,"tf2_58_M_ss2.jpeg","tf2_58_T1_ss2_md.jpeg",17254,1
"057bda82b2dcf647d171df002af958b3",1787428530118,28,"tf2_46_M_ss2.jpeg","tf2_46_T1_ss2_pd.jpeg",16943,1
"057bda82b2dcf647d171df002af958b3",1787428551249,29,"tf3_75_M_ss3.jpeg","tf3_75_T1_ss3_pd.jpeg",19826,1
"057bda82b2dcf647d171df002af958b3",1787428563670,30,"tf1_80_M_ss1.jpeg","tf1_80_T1_ss1_pd.jpeg",11117,1
"bbbc7e4704aef57debb641ebd8c2ba10",1787451407603,1,"tf3_33_M_ss3.jpeg","tf3_33_T1_ss3_pd.jpeg",24725,1
"bbbc7e4704aef57debb641ebd8c2ba10",1787451411928,2,"tf1_1_M_ss3.jpeg","tf1_1_T1_ss3_pd.jpeg",3010,1
"bbbc7e4704aef57debb641ebd8c2ba10",1787451416295,3,"tf3_3_M_ss3.jpeg","tf3_3_T1_ss3_pd.jpeg",3052,1
"bbbc7e4704aef57debb641ebd8c2ba10",1787451423696,4,"tf2_2_M_ss3.jpeg","tf2_2_T1_ss3_pd.jpeg",6087,1
"bbbc7e4704aef57debb641ebd8c2ba10",1787451432929,5,"tf2_41_M_ss3.jpeg","tf2_41_T1_ss3_pd.jpeg",7916,1
"bbbc7e4704aef57debb641ebd8c2ba10",1787451449314,6,"tf1_57_M_ss2.jpeg","tf1_57_T1_ss2_pd.jpeg",15070,1
"bbbc7e4704aef57debb641ebd8c2ba10",1787451460565,7,"tf2_45_M_ss1.jpeg","tf2_45_T1_ss1_pd.jpeg",9935,1
"bbbc7e4704aef57debb641ebd8c2ba10",1787451491880,8,"tf1_80_M_ss1.jpeg",NA,30000,0
"bbbc7e4704aef57debb641ebd8c2ba10",1787451522315,9,"tf2_76_M_ss2.jpeg","tf2_76_T1_ss2_pd.jpeg",29119,1
"bbbc7e4704aef57debb641ebd8c2ba10",1787451541945,10,"tf3_59_M_ss2.jpeg","tf3_59_T1_ss2_pd.jpeg",18316,1
"bbbc7e4704aef57debb641ebd8c2ba10",1787451573260,11,"tf1_64_M_ss3.jpeg",NA,30000,0
"bbbc7e4704aef57debb641ebd8c2ba10",1787451601199,12,"tf3_17_M_ss2.jpeg","tf3_17_T1_ss2_pd.jpeg",26623,1
"bbbc7e4704aef57debb641ebd8c2ba10",1787451625216,13,"tf3_21_M_ss3.jpeg","tf3_21_T2_ss3_pd.jpeg",22703,0
"bbbc7e4704aef57debb641ebd8c2ba10",1787451642184,14,"tf2_46_M_ss2.jpeg","tf2_46_T1_ss2_pd.jpeg",15653,1
"bbbc7e4704aef57debb641ebd8c2ba10",1787451659653,15,"tf2_36_M_ss1.jpeg","tf2_36_T1_ss1_pd.jpeg",16154,1
"bbbc7e4704aef57debb641ebd8c2ba10",1787451690968,16,"tf2_29_M_ss3.jpeg",NA,30000,0
"bbbc7e4704aef57debb641ebd8c2ba10",1787451713089,17,"tf1_55_M_ss3.jpeg","tf1_55_T1_ss3_pd.jpeg",20809,1
"bbbc7e4704aef57debb641ebd8c2ba10",1787451744405,18,"tf3_66_M_ss3.jpeg",NA,30000,0
"bbbc7e4704aef57debb641ebd8c2ba10",1787451775242,19,"tf1_74_M_ss1.jpeg","tf1_74_T2_ss1_pd.jpeg",29523,0
"bbbc7e4704aef57debb641ebd8c2ba10",1787451788960,20,"tf2_30_M_ss1.jpeg","tf2_30_T1_ss1_pd.jpeg",12404,1
"bbbc7e4704aef57debb641ebd8c2ba10",1787451798444,21,"tf1_72_M_ss2.jpeg","tf1_72_T1_ss2_pd.jpeg",8170,1
"bbbc7e4704aef57debb641ebd8c2ba10",1787451811645,22,"tf2_52_M_ss2.jpeg","tf2_52_T1_ss2_pd.jpeg",11887,1
"bbbc7e4704aef57debb641ebd8c2ba10",1787451826962,23,"tf2_63_M_ss1.jpeg","tf2_63_T2_ss1_pd.jpeg",14004,0
"bbbc7e4704aef57debb641ebd8c2ba10",1787451849331,24,"tf3_78_M_ss3.jpeg","tf3_78_T2_ss3_pd.jpeg",21055,0
"bbbc7e4704aef57debb641ebd8c2ba10",1787451880646,25,"tf2_24_M_ss1.jpeg",NA,30000,0
"bbbc7e4704aef57debb641ebd8c2ba10",1787451895985,26,"tf2_58_M_ss2.jpeg","tf2_58_T1_ss2_md.jpeg",14024,1
"bbbc7e4704aef57debb641ebd8c2ba10",1787451911618,27,"tf3_44_M_ss2.jpeg","tf3_44_T1_ss2_pd.jpeg",14319,1
"bbbc7e4704aef57debb641ebd8c2ba10",1787451930035,28,"tf2_42_M_ss1.jpeg","tf2_42_T1_ss1_pd.jpeg",17102,1
"bbbc7e4704aef57debb641ebd8c2ba10",1787451961349,29,"tf3_75_M_ss3.jpeg",NA,30000,0
"bbbc7e4704aef57debb641ebd8c2ba10",1787451979752,30,"tf3_35_M_ss2.jpeg","tf3_35_T1_ss2_pd.jpeg",17093,1
"8a5906abb69a8d4b4d17364248ee01c3",1787453413428,1,"tf3_33_M_ss3.jpeg","tf3_33_T2_ss3_pd.jpeg",14242,0
"8a5906abb69a8d4b4d17364248ee01c3",1787453416628,2,"tf3_3_M_ss3.jpeg","tf3_3_T1_ss3_pd.jpeg",1896,1
"8a5906abb69a8d4b4d17364248ee01c3",1787453426762,3,"tf2_41_M_ss3.jpeg","tf2_41_T1_ss3_pd.jpeg",8828,1
"8a5906abb69a8d4b4d17364248ee01c3",1787453431361,4,"tf1_1_M_ss3.jpeg","tf1_1_T1_ss3_pd.jpeg",3294,1
"8a5906abb69a8d4b4d17364248ee01c3",1787453439161,5,"tf1_57_M_ss2.jpeg","tf1_57_T1_ss2_pd.jpeg",6496,1
"8a5906abb69a8d4b4d17364248ee01c3",1787453443861,6,"tf2_2_M_ss3.jpeg","tf2_2_T1_ss3_pd.jpeg",3395,1
"8a5906abb69a8d4b4d17364248ee01c3",1787453468829,7,"tf2_52_M_ss2.jpeg","tf2_52_T1_ss2_pd.jpeg",23663,1
"8a5906abb69a8d4b4d17364248ee01c3",1787453492195,8,"tf2_46_M_ss2.jpeg","tf2_46_T1_ss2_pd.jpeg",22062,1
"8a5906abb69a8d4b4d17364248ee01c3",1787453512396,9,"tf1_80_M_ss1.jpeg","tf1_80_T4_ss1_pd.jpeg",18896,0
"8a5906abb69a8d4b4d17364248ee01c3",1787453532946,10,"tf3_78_M_ss3.jpeg","tf3_78_T4_ss3_pd.jpeg",19247,0
"8a5906abb69a8d4b4d17364248ee01c3",1787453558281,11,"tf1_74_M_ss1.jpeg","tf1_74_T1_ss1_pd.jpeg",24029,1
"8a5906abb69a8d4b4d17364248ee01c3",1787453562112,12,"tf3_59_M_ss2.jpeg","tf3_59_T3_ss2_pd.jpeg",2528,0
"8a5906abb69a8d4b4d17364248ee01c3",1787453567163,13,"tf2_58_M_ss2.jpeg","tf2_58_T3_ss2_md.jpeg",3746,0
"8a5906abb69a8d4b4d17364248ee01c3",1787453570396,14,"tf2_36_M_ss1.jpeg","tf2_36_T2_ss1_pd.jpeg",1930,0
"8a5906abb69a8d4b4d17364248ee01c3",1787453574546,15,"tf2_42_M_ss1.jpeg","tf2_42_T4_ss1_pd.jpeg",2845,0
"8a5906abb69a8d4b4d17364248ee01c3",1787453577146,16,"tf3_44_M_ss2.jpeg","tf3_44_T1_ss2_pd.jpeg",1295,1
"8a5906abb69a8d4b4d17364248ee01c3",1787453589046,17,"tf2_24_M_ss1.jpeg","tf2_24_T3_ss1_pd.jpeg",10597,0
"8a5906abb69a8d4b4d17364248ee01c3",1787453593180,18,"tf1_72_M_ss2.jpeg","tf1_72_T2_ss2_pd.jpeg",2829,0
"8a5906abb69a8d4b4d17364248ee01c3",1787453595496,19,"tf2_30_M_ss1.jpeg","tf2_30_T2_ss1_pd.jpeg",1011,0
"8a5906abb69a8d4b4d17364248ee01c3",1787453597646,20,"tf2_63_M_ss1.jpeg","tf2_63_T2_ss1_pd.jpeg",845,0
"8a5906abb69a8d4b4d17364248ee01c3",1787453599596,21,"tf2_76_M_ss2.jpeg","tf2_76_T2_ss2_pd.jpeg",646,0
"8a5906abb69a8d4b4d17364248ee01c3",1787453601579,22,"tf1_55_M_ss3.jpeg","tf1_55_T4_ss3_pd.jpeg",679,0
"8a5906abb69a8d4b4d17364248ee01c3",1787453603313,23,"tf3_75_M_ss3.jpeg","tf3_75_T1_ss3_pd.jpeg",429,1
"8a5906abb69a8d4b4d17364248ee01c3",1787453605080,24,"tf3_17_M_ss2.jpeg","tf3_17_T3_ss2_pd.jpeg",462,0
"8a5906abb69a8d4b4d17364248ee01c3",1787453606996,25,"tf2_29_M_ss3.jpeg","tf2_29_T2_ss3_pd.jpeg",612,0
"8a5906abb69a8d4b4d17364248ee01c3",1787453608880,26,"tf3_35_M_ss2.jpeg","tf3_35_T1_ss2_pd.jpeg",579,1
"8a5906abb69a8d4b4d17364248ee01c3",1787453611546,27,"tf2_45_M_ss1.jpeg","tf2_45_T4_ss1_pd.jpeg",1362,0
"8a5906abb69a8d4b4d17364248ee01c3",1787453613530,28,"tf1_64_M_ss3.jpeg","tf1_64_T4_ss3_pd.jpeg",680,0
"8a5906abb69a8d4b4d17364248ee01c3",1787453615463,29,"tf3_66_M_ss3.jpeg","tf3_66_T3_ss3_pd.jpeg",629,0
"8a5906abb69a8d4b4d17364248ee01c3",1787453617414,30,"tf3_21_M_ss3.jpeg","tf3_21_T3_ss3_pd.jpeg",646,0
"bf30574ce727ece120d66ad6d979d368",1787455002097,1,"tf3_33_M_ss3.jpeg","tf3_33_T1_ss3_pd.jpeg",7505,1
"bf30574ce727ece120d66ad6d979d368",1787455007864,2,"tf2_2_M_ss3.jpeg","tf2_2_T1_ss3_pd.jpeg",4460,1
"bf30574ce727ece120d66ad6d979d368",1787455011615,3,"tf3_3_M_ss3.jpeg","tf3_3_T1_ss3_pd.jpeg",2444,1
"bf30574ce727ece120d66ad6d979d368",1787455018085,4,"tf2_41_M_ss3.jpeg","tf2_41_T1_ss3_pd.jpeg",5164,1
"bf30574ce727ece120d66ad6d979d368",1787455021734,5,"tf1_1_M_ss3.jpeg","tf1_1_T1_ss3_pd.jpeg",2343,1
"bf30574ce727ece120d66ad6d979d368",1787455030053,6,"tf1_57_M_ss2.jpeg","tf1_57_T1_ss2_pd.jpeg",7013,1
"bf30574ce727ece120d66ad6d979d368",1787455040605,7,"tf1_64_M_ss3.jpeg","tf1_64_T2_ss3_pd.jpeg",9246,0
"bf30574ce727ece120d66ad6d979d368",1787455052662,8,"tf2_63_M_ss1.jpeg","tf2_63_T2_ss1_pd.jpeg",10751,0
"bf30574ce727ece120d66ad6d979d368",1787455064916,9,"tf3_35_M_ss2.jpeg","tf3_35_T2_ss2_pd.jpeg",10945,0
"bf30574ce727ece120d66ad6d979d368",1787455075384,10,"tf3_17_M_ss2.jpeg","tf3_17_T2_ss2_pd.jpeg",9160,0
"bf30574ce727ece120d66ad6d979d368",1787455087184,11,"tf2_36_M_ss1.jpeg","tf2_36_T2_ss1_pd.jpeg",10492,0
"bf30574ce727ece120d66ad6d979d368",1787455101919,12,"tf1_55_M_ss3.jpeg","tf1_55_T3_ss3_pd.jpeg",13432,0
"bf30574ce727ece120d66ad6d979d368",1787455118623,13,"tf2_42_M_ss1.jpeg","tf2_42_T2_ss1_pd.jpeg",15398,0
"bf30574ce727ece120d66ad6d979d368",1787455134393,14,"tf2_58_M_ss2.jpeg","tf2_58_T1_ss2_md.jpeg",14465,1
"bf30574ce727ece120d66ad6d979d368",1787455149464,15,"tf3_44_M_ss2.jpeg","tf3_44_T4_ss2_pd.jpeg",13765,0
"bf30574ce727ece120d66ad6d979d368",1787455167902,16,"tf1_80_M_ss1.jpeg","tf1_80_T4_ss1_pd.jpeg",17132,0
"bf30574ce727ece120d66ad6d979d368",1787455184141,17,"tf2_46_M_ss2.jpeg","tf2_46_T2_ss2_pd.jpeg",14933,0
"bf30574ce727ece120d66ad6d979d368",1787455204745,18,"tf3_78_M_ss3.jpeg","tf3_78_T1_ss3_pd.jpeg",19296,1
"bf30574ce727ece120d66ad6d979d368",1787455214462,19,"tf3_21_M_ss3.jpeg","tf3_21_T2_ss3_pd.jpeg",8410,0
"bf30574ce727ece120d66ad6d979d368",1787455231399,20,"tf3_66_M_ss3.jpeg","tf3_66_T2_ss3_pd.jpeg",15630,0
"bf30574ce727ece120d66ad6d979d368",1787455253705,21,"tf1_72_M_ss2.jpeg","tf1_72_T1_ss2_pd.jpeg",21000,1
"bf30574ce727ece120d66ad6d979d368",1787455265512,22,"tf2_24_M_ss1.jpeg","tf2_24_T4_ss1_pd.jpeg",10502,0
"bf30574ce727ece120d66ad6d979d368",1787455278761,23,"tf2_52_M_ss2.jpeg","tf2_52_T1_ss2_pd.jpeg",11941,1
"bf30574ce727ece120d66ad6d979d368",1787455299782,24,"tf1_74_M_ss1.jpeg","tf1_74_T2_ss1_pd.jpeg",19714,0
"bf30574ce727ece120d66ad6d979d368",1787455326204,25,"tf2_45_M_ss1.jpeg","tf2_45_T2_ss1_pd.jpeg",25116,0
"bf30574ce727ece120d66ad6d979d368",1787455336528,26,"tf2_76_M_ss2.jpeg","tf2_76_T1_ss2_pd.jpeg",9019,1
"bf30574ce727ece120d66ad6d979d368",1787455355362,27,"tf2_29_M_ss3.jpeg","tf2_29_T1_ss3_pd.jpeg",17526,1
"bf30574ce727ece120d66ad6d979d368",1787455367246,28,"tf3_75_M_ss3.jpeg","tf3_75_T1_ss3_pd.jpeg",10577,1
"bf30574ce727ece120d66ad6d979d368",1787455382734,29,"tf3_59_M_ss2.jpeg","tf3_59_T1_ss2_pd.jpeg",14181,1
"bf30574ce727ece120d66ad6d979d368",1787455392020,30,"tf2_30_M_ss1.jpeg","tf2_30_T1_ss1_pd.jpeg",7980,1
"104b20316749e14d2f428cd2b308a1f8",1787458408738,1,"tf1_1_M_ss3.jpeg","tf1_1_T1_ss3_pd.jpeg",1743,1
"104b20316749e14d2f428cd2b308a1f8",1787458411720,2,"tf2_41_M_ss3.jpeg","tf2_41_T2_ss3_pd.jpeg",1671,0
"104b20316749e14d2f428cd2b308a1f8",1787458416354,3,"tf2_2_M_ss3.jpeg","tf2_2_T1_ss3_pd.jpeg",3321,1
"104b20316749e14d2f428cd2b308a1f8",1787458424270,4,"tf3_33_M_ss3.jpeg","tf3_33_T4_ss3_pd.jpeg",6606,0
"104b20316749e14d2f428cd2b308a1f8",1787458432955,5,"tf1_57_M_ss2.jpeg","tf1_57_T1_ss2_pd.jpeg",7374,1
"104b20316749e14d2f428cd2b308a1f8",1787458436291,6,"tf3_3_M_ss3.jpeg","tf3_3_T1_ss3_pd.jpeg",2027,1
"104b20316749e14d2f428cd2b308a1f8",1787458452704,7,"tf1_55_M_ss3.jpeg","tf1_55_T3_ss3_pd.jpeg",15104,0
"104b20316749e14d2f428cd2b308a1f8",1787458484109,8,"tf3_35_M_ss2.jpeg",NA,30000,0
"104b20316749e14d2f428cd2b308a1f8",1787458509621,9,"tf3_75_M_ss3.jpeg","tf3_75_T1_ss3_pd.jpeg",24200,1
"104b20316749e14d2f428cd2b308a1f8",1787458526921,10,"tf1_80_M_ss1.jpeg","tf1_80_T1_ss1_pd.jpeg",15989,1
"104b20316749e14d2f428cd2b308a1f8",1787458553004,11,"tf2_52_M_ss2.jpeg","tf2_52_T1_ss2_pd.jpeg",24766,1
"104b20316749e14d2f428cd2b308a1f8",1787458580041,12,"tf2_36_M_ss1.jpeg","tf2_36_T1_ss1_pd.jpeg",25730,1
"104b20316749e14d2f428cd2b308a1f8",1787458604505,13,"tf3_21_M_ss3.jpeg","tf3_21_T1_ss3_pd.jpeg",23155,1
"104b20316749e14d2f428cd2b308a1f8",1787458629855,14,"tf1_74_M_ss1.jpeg","tf1_74_T1_ss1_pd.jpeg",24048,1
"104b20316749e14d2f428cd2b308a1f8",1787458656122,15,"tf3_59_M_ss2.jpeg","tf3_59_T1_ss2_pd.jpeg",24959,1
"104b20316749e14d2f428cd2b308a1f8",1787458687542,16,"tf2_29_M_ss3.jpeg",NA,30000,0
"104b20316749e14d2f428cd2b308a1f8",1787458706723,17,"tf2_42_M_ss1.jpeg","tf2_42_T1_ss1_pd.jpeg",17872,1
"104b20316749e14d2f428cd2b308a1f8",1787458731140,18,"tf2_24_M_ss1.jpeg","tf2_24_T1_ss1_pd.jpeg",23106,1
"104b20316749e14d2f428cd2b308a1f8",1787458760973,19,"tf1_64_M_ss3.jpeg","tf1_64_T3_ss3_pd.jpeg",28528,0
"104b20316749e14d2f428cd2b308a1f8",1787458783023,20,"tf3_66_M_ss3.jpeg","tf3_66_T1_ss3_pd.jpeg",20738,1
"104b20316749e14d2f428cd2b308a1f8",1787458810241,21,"tf2_76_M_ss2.jpeg","tf2_76_T1_ss2_pd.jpeg",25909,1
"104b20316749e14d2f428cd2b308a1f8",1787458839690,22,"tf3_78_M_ss3.jpeg","tf3_78_T2_ss3_pd.jpeg",28139,0
"104b20316749e14d2f428cd2b308a1f8",1787458869090,23,"tf1_72_M_ss2.jpeg","tf1_72_T1_ss2_pd.jpeg",28088,1
"104b20316749e14d2f428cd2b308a1f8",1787458899974,24,"tf2_58_M_ss2.jpeg","tf2_58_T2_ss2_md.jpeg",29577,0
"104b20316749e14d2f428cd2b308a1f8",1787458920340,25,"tf2_45_M_ss1.jpeg","tf2_45_T1_ss1_pd.jpeg",19055,1
"104b20316749e14d2f428cd2b308a1f8",1787458951729,26,"tf2_63_M_ss1.jpeg",NA,30000,0
"104b20316749e14d2f428cd2b308a1f8",1787458973124,27,"tf2_30_M_ss1.jpeg","tf2_30_T1_ss1_pd.jpeg",20087,1
"104b20316749e14d2f428cd2b308a1f8",1787459002890,28,"tf3_44_M_ss2.jpeg","tf3_44_T4_ss2_pd.jpeg",28461,0
"104b20316749e14d2f428cd2b308a1f8",1787459031441,29,"tf3_17_M_ss2.jpeg","tf3_17_T1_ss2_pd.jpeg",27238,1
"104b20316749e14d2f428cd2b308a1f8",1787459041607,30,"tf2_46_M_ss2.jpeg","tf2_46_T1_ss2_pd.jpeg",8855,1
"69fc5dbced7fab7d16eaeca3f6cee04b",1787457772602,1,"tf2_41_M_ss3.jpeg","tf2_41_T1_ss3_pd.jpeg",10826,1
"69fc5dbced7fab7d16eaeca3f6cee04b",1787457780034,2,"tf2_2_M_ss3.jpeg","tf2_2_T1_ss3_pd.jpeg",6124,1
"69fc5dbced7fab7d16eaeca3f6cee04b",1787457794663,3,"tf3_33_M_ss3.jpeg","tf3_33_T1_ss3_pd.jpeg",13320,1
"69fc5dbced7fab7d16eaeca3f6cee04b",1787457802411,4,"tf1_57_M_ss2.jpeg","tf1_57_T1_ss2_pd.jpeg",6440,1
"69fc5dbced7fab7d16eaeca3f6cee04b",1787457805912,5,"tf1_1_M_ss3.jpeg","tf1_1_T1_ss3_pd.jpeg",2193,1
"69fc5dbced7fab7d16eaeca3f6cee04b",1787457811479,6,"tf3_3_M_ss3.jpeg","tf3_3_T1_ss3_pd.jpeg",4259,1
"69fc5dbced7fab7d16eaeca3f6cee04b",1787457827261,7,"tf2_52_M_ss2.jpeg","tf2_52_T1_ss2_pd.jpeg",14473,1
"69fc5dbced7fab7d16eaeca3f6cee04b",1787457847792,8,"tf2_46_M_ss2.jpeg","tf2_46_T1_ss2_pd.jpeg",19223,1
"69fc5dbced7fab7d16eaeca3f6cee04b",1787457869409,9,"tf1_55_M_ss3.jpeg","tf1_55_T1_ss3_pd.jpeg",20312,1
"69fc5dbced7fab7d16eaeca3f6cee04b",1787457880691,10,"tf2_30_M_ss1.jpeg","tf2_30_T1_ss1_pd.jpeg",9974,1
"69fc5dbced7fab7d16eaeca3f6cee04b",1787457889922,11,"tf2_24_M_ss1.jpeg","tf2_24_T1_ss1_pd.jpeg",7923,1
"69fc5dbced7fab7d16eaeca3f6cee04b",1787457909805,12,"tf3_35_M_ss2.jpeg","tf3_35_T2_ss2_pd.jpeg",18577,0
"69fc5dbced7fab7d16eaeca3f6cee04b",1787457919338,13,"tf3_59_M_ss2.jpeg","tf3_59_T1_ss2_pd.jpeg",8218,1
"69fc5dbced7fab7d16eaeca3f6cee04b",1787457935453,14,"tf3_21_M_ss3.jpeg","tf3_21_T1_ss3_pd.jpeg",14806,1
"69fc5dbced7fab7d16eaeca3f6cee04b",1787457946418,15,"tf3_66_M_ss3.jpeg","tf3_66_T1_ss3_pd.jpeg",9657,1
"69fc5dbced7fab7d16eaeca3f6cee04b",1787457975095,16,"tf1_64_M_ss3.jpeg","tf1_64_T3_ss3_pd.jpeg",27369,0
"69fc5dbced7fab7d16eaeca3f6cee04b",1787457997000,17,"tf1_72_M_ss2.jpeg","tf1_72_T1_ss2_pd.jpeg",20602,1
"69fc5dbced7fab7d16eaeca3f6cee04b",1787458010080,18,"tf2_45_M_ss1.jpeg","tf2_45_T1_ss1_pd.jpeg",11771,1
"69fc5dbced7fab7d16eaeca3f6cee04b",1787458040465,19,"tf1_74_M_ss1.jpeg","tf1_74_T2_ss1_pd.jpeg",29076,0
"69fc5dbced7fab7d16eaeca3f6cee04b",1787458061210,20,"tf2_42_M_ss1.jpeg","tf2_42_T1_ss1_pd.jpeg",19436,1
"69fc5dbced7fab7d16eaeca3f6cee04b",1787458082991,21,"tf2_58_M_ss2.jpeg","tf2_58_T1_ss2_md.jpeg",20472,1
"69fc5dbced7fab7d16eaeca3f6cee04b",1787458101508,22,"tf1_80_M_ss1.jpeg","tf1_80_T1_ss1_pd.jpeg",17208,1
"69fc5dbced7fab7d16eaeca3f6cee04b",1787458114562,23,"tf3_75_M_ss3.jpeg","tf3_75_T1_ss3_pd.jpeg",11747,1
"69fc5dbced7fab7d16eaeca3f6cee04b",1787458130573,24,"tf2_63_M_ss1.jpeg","tf2_63_T1_ss1_pd.jpeg",14702,1
"69fc5dbced7fab7d16eaeca3f6cee04b",1787458159935,25,"tf3_78_M_ss3.jpeg","tf3_78_T4_ss3_pd.jpeg",28060,0
"69fc5dbced7fab7d16eaeca3f6cee04b",1787458169267,26,"tf3_17_M_ss2.jpeg","tf3_17_T1_ss2_pd.jpeg",8024,1
"69fc5dbced7fab7d16eaeca3f6cee04b",1787458179418,27,"tf2_29_M_ss3.jpeg","tf2_29_T1_ss3_pd.jpeg",8843,1
"69fc5dbced7fab7d16eaeca3f6cee04b",1787458208548,28,"tf3_44_M_ss2.jpeg","tf3_44_T3_ss2_pd.jpeg",27822,0
"69fc5dbced7fab7d16eaeca3f6cee04b",1787458219812,29,"tf2_76_M_ss2.jpeg","tf2_76_T2_ss2_pd.jpeg",9956,0
"69fc5dbced7fab7d16eaeca3f6cee04b",1787458250262,30,"tf2_36_M_ss1.jpeg","tf2_36_T1_ss1_pd.jpeg",29147,1
"f2b345494b08607377a44c26895062d8",1787461299649,1,"tf2_41_M_ss3.jpeg","tf2_41_T1_ss3_pd.jpeg",3719,1
"f2b345494b08607377a44c26895062d8",1787461302952,2,"tf3_33_M_ss3.jpeg","tf3_33_T4_ss3_pd.jpeg",1997,0
"f2b345494b08607377a44c26895062d8",1787461306340,3,"tf1_1_M_ss3.jpeg","tf1_1_T2_ss3_pd.jpeg",2079,0
"f2b345494b08607377a44c26895062d8",1787461308892,4,"tf1_57_M_ss2.jpeg","tf1_57_T1_ss2_pd.jpeg",1245,1
"f2b345494b08607377a44c26895062d8",1787461311344,5,"tf2_2_M_ss3.jpeg","tf2_2_T3_ss3_pd.jpeg",1144,0
"f2b345494b08607377a44c26895062d8",1787461314780,6,"tf3_3_M_ss3.jpeg","tf3_3_T2_ss3_pd.jpeg",2130,0
"f2b345494b08607377a44c26895062d8",1787461318350,7,"tf1_64_M_ss3.jpeg","tf1_64_T1_ss3_pd.jpeg",2263,1
"f2b345494b08607377a44c26895062d8",1787461325654,8,"tf2_24_M_ss1.jpeg","tf2_24_T2_ss1_pd.jpeg",5997,0
"f2b345494b08607377a44c26895062d8",1787461332811,9,"tf2_63_M_ss1.jpeg","tf2_63_T2_ss1_pd.jpeg",5849,0
"f2b345494b08607377a44c26895062d8",1787461336548,10,"tf3_66_M_ss3.jpeg","tf3_66_T2_ss3_pd.jpeg",2430,0
"f2b345494b08607377a44c26895062d8",1787461340850,11,"tf2_52_M_ss2.jpeg","tf2_52_T3_ss2_pd.jpeg",2995,0
"f2b345494b08607377a44c26895062d8",1787461346652,12,"tf2_29_M_ss3.jpeg","tf2_29_T4_ss3_pd.jpeg",4495,0
"f2b345494b08607377a44c26895062d8",1787461349789,13,"tf3_75_M_ss3.jpeg","tf3_75_T1_ss3_pd.jpeg",1835,1
"f2b345494b08607377a44c26895062d8",1787461351876,14,"tf1_72_M_ss2.jpeg","tf1_72_T4_ss2_pd.jpeg",779,0
"f2b345494b08607377a44c26895062d8",1787461353975,15,"tf3_21_M_ss3.jpeg","tf3_21_T3_ss3_pd.jpeg",792,0
"f2b345494b08607377a44c26895062d8",1787461356028,16,"tf3_44_M_ss2.jpeg","tf3_44_T2_ss2_pd.jpeg",745,0
"f2b345494b08607377a44c26895062d8",1787461358413,17,"tf3_59_M_ss2.jpeg","tf3_59_T3_ss2_pd.jpeg",1077,0
"f2b345494b08607377a44c26895062d8",1787461389855,18,"tf1_80_M_ss1.jpeg",NA,30000,0
"f2b345494b08607377a44c26895062d8",1787461392109,19,"tf2_45_M_ss1.jpeg","tf2_45_T1_ss1_pd.jpeg",939,1
"f2b345494b08607377a44c26895062d8",1787461394207,20,"tf3_78_M_ss3.jpeg","tf3_78_T3_ss3_pd.jpeg",791,0
"f2b345494b08607377a44c26895062d8",1787461396341,21,"tf2_30_M_ss1.jpeg","tf2_30_T2_ss1_pd.jpeg",826,0
"f2b345494b08607377a44c26895062d8",1787461398728,22,"tf2_46_M_ss2.jpeg","tf2_46_T4_ss2_pd.jpeg",1080,0
"f2b345494b08607377a44c26895062d8",1787461400897,23,"tf1_55_M_ss3.jpeg","tf1_55_T1_ss3_pd.jpeg",861,1
"f2b345494b08607377a44c26895062d8",1787461403182,24,"tf3_35_M_ss2.jpeg","tf3_35_T3_ss2_pd.jpeg",977,0
"f2b345494b08607377a44c26895062d8",1787461405304,25,"tf2_36_M_ss1.jpeg","tf2_36_T2_ss1_pd.jpeg",814,0
"f2b345494b08607377a44c26895062d8",1787461407556,26,"tf2_58_M_ss2.jpeg","tf2_58_T1_ss2_md.jpeg",944,1
"f2b345494b08607377a44c26895062d8",1787461409741,27,"tf2_42_M_ss1.jpeg","tf2_42_T4_ss1_pd.jpeg",877,0
"f2b345494b08607377a44c26895062d8",1787461411906,28,"tf3_17_M_ss2.jpeg","tf3_17_T3_ss2_pd.jpeg",858,0
"f2b345494b08607377a44c26895062d8",1787461414094,29,"tf2_76_M_ss2.jpeg","tf2_76_T1_ss2_pd.jpeg",885,1
"f2b345494b08607377a44c26895062d8",1787461416409,30,"tf1_74_M_ss1.jpeg","tf1_74_T1_ss1_pd.jpeg",1008,1
"4229824a5c74ee6c3de9516fa8548321",1787458396294,1,"tf3_3_M_ss3.jpeg","tf3_3_T1_ss3_pd.jpeg",3133,1
"4229824a5c74ee6c3de9516fa8548321",1787458416520,2,"tf3_33_M_ss3.jpeg","tf3_33_T1_ss3_pd.jpeg",18922,1
"4229824a5c74ee6c3de9516fa8548321",1787458426301,3,"tf1_57_M_ss2.jpeg","tf1_57_T1_ss2_pd.jpeg",8475,1
"4229824a5c74ee6c3de9516fa8548321",1787458429979,4,"tf1_1_M_ss3.jpeg","tf1_1_T1_ss3_pd.jpeg",2373,1
"4229824a5c74ee6c3de9516fa8548321",1787458436449,5,"tf2_2_M_ss3.jpeg","tf2_2_T1_ss3_pd.jpeg",5165,1
"4229824a5c74ee6c3de9516fa8548321",1787458443497,6,"tf2_41_M_ss3.jpeg","tf2_41_T1_ss3_pd.jpeg",5743,1
"4229824a5c74ee6c3de9516fa8548321",1787458458065,7,"tf2_46_M_ss2.jpeg","tf2_46_T1_ss2_pd.jpeg",13263,1
"4229824a5c74ee6c3de9516fa8548321",1787458473280,8,"tf2_52_M_ss2.jpeg","tf2_52_T1_ss2_pd.jpeg",13911,1
"4229824a5c74ee6c3de9516fa8548321",1787458495657,9,"tf3_17_M_ss2.jpeg","tf3_17_T1_ss2_pd.jpeg",21070,1
"4229824a5c74ee6c3de9516fa8548321",1787458522995,10,"tf3_44_M_ss2.jpeg","tf3_44_T4_ss2_pd.jpeg",26034,0
"4229824a5c74ee6c3de9516fa8548321",1787458536726,11,"tf2_36_M_ss1.jpeg","tf2_36_T1_ss1_pd.jpeg",12426,1
"4229824a5c74ee6c3de9516fa8548321",1787458552104,12,"tf1_72_M_ss2.jpeg","tf1_72_T1_ss2_pd.jpeg",14072,1
"4229824a5c74ee6c3de9516fa8548321",1787458561940,13,"tf2_42_M_ss1.jpeg","tf2_42_T1_ss1_pd.jpeg",8533,1
"4229824a5c74ee6c3de9516fa8548321",1787458582387,14,"tf1_55_M_ss3.jpeg","tf1_55_T1_ss3_pd.jpeg",19142,1
"4229824a5c74ee6c3de9516fa8548321",1787458595054,15,"tf1_74_M_ss1.jpeg","tf1_74_T1_ss1_pd.jpeg",11363,1
"4229824a5c74ee6c3de9516fa8548321",1787458623817,16,"tf3_21_M_ss3.jpeg","tf3_21_T1_ss3_pd.jpeg",27458,1
"4229824a5c74ee6c3de9516fa8548321",1787458637847,17,"tf2_24_M_ss1.jpeg","tf2_24_T1_ss1_pd.jpeg",12724,1
"4229824a5c74ee6c3de9516fa8548321",1787458660681,18,"tf3_66_M_ss3.jpeg","tf3_66_T1_ss3_pd.jpeg",21531,1
"4229824a5c74ee6c3de9516fa8548321",1787458679298,19,"tf3_78_M_ss3.jpeg","tf3_78_T1_ss3_pd.jpeg",17309,1
"4229824a5c74ee6c3de9516fa8548321",1787458688631,20,"tf2_76_M_ss2.jpeg","tf2_76_T1_ss2_pd.jpeg",8028,1
"4229824a5c74ee6c3de9516fa8548321",1787458703963,21,"tf3_35_M_ss2.jpeg","tf3_35_T1_ss2_pd.jpeg",14027,1
"4229824a5c74ee6c3de9516fa8548321",1787458722214,22,"tf2_58_M_ss2.jpeg","tf2_58_T1_ss2_md.jpeg",16947,1
"4229824a5c74ee6c3de9516fa8548321",1787458744425,23,"tf2_45_M_ss1.jpeg","tf2_45_T1_ss1_pd.jpeg",20905,1
"4229824a5c74ee6c3de9516fa8548321",1787458760575,24,"tf3_59_M_ss2.jpeg","tf3_59_T1_ss2_pd.jpeg",14845,1
"4229824a5c74ee6c3de9516fa8548321",1787458770388,25,"tf3_75_M_ss3.jpeg","tf3_75_T1_ss3_pd.jpeg",8508,1
"4229824a5c74ee6c3de9516fa8548321",1787458787056,26,"tf2_63_M_ss1.jpeg","tf2_63_T1_ss1_pd.jpeg",15362,1
"4229824a5c74ee6c3de9516fa8548321",1787458797022,27,"tf2_30_M_ss1.jpeg","tf2_30_T1_ss1_pd.jpeg",8661,1
"4229824a5c74ee6c3de9516fa8548321",1787458817638,28,"tf1_80_M_ss1.jpeg","tf1_80_T1_ss1_pd.jpeg",19311,1
"4229824a5c74ee6c3de9516fa8548321",1787458837721,29,"tf2_29_M_ss3.jpeg","tf2_29_T1_ss3_pd.jpeg",18776,1
"4229824a5c74ee6c3de9516fa8548321",1787458861283,30,"tf1_64_M_ss3.jpeg","tf1_64_T1_ss3_pd.jpeg",22254,1
"377641ae5380a017cb62fcf9659afcd6",1787463362304,1,"tf3_33_M_ss3.jpeg","tf3_33_T1_ss3_pd.jpeg",8126,1
"377641ae5380a017cb62fcf9659afcd6",1787463368704,2,"tf2_2_M_ss3.jpeg","tf2_2_T1_ss3_pd.jpeg",5095,1
"377641ae5380a017cb62fcf9659afcd6",1787463376223,3,"tf2_41_M_ss3.jpeg","tf2_41_T1_ss3_pd.jpeg",6216,1
"377641ae5380a017cb62fcf9659afcd6",1787463380987,4,"tf3_3_M_ss3.jpeg","tf3_3_T1_ss3_pd.jpeg",3458,1
"377641ae5380a017cb62fcf9659afcd6",1787463386971,5,"tf1_57_M_ss2.jpeg","tf1_57_T1_ss2_pd.jpeg",4679,1
"377641ae5380a017cb62fcf9659afcd6",1787463392122,6,"tf1_1_M_ss3.jpeg","tf1_1_T1_ss3_pd.jpeg",3846,1
"377641ae5380a017cb62fcf9659afcd6",1787463406971,7,"tf3_66_M_ss3.jpeg","tf3_66_T2_ss3_pd.jpeg",13545,0
"377641ae5380a017cb62fcf9659afcd6",1787463423406,8,"tf3_78_M_ss3.jpeg","tf3_78_T3_ss3_pd.jpeg",15131,0
"377641ae5380a017cb62fcf9659afcd6",1787463441905,9,"tf1_74_M_ss1.jpeg","tf1_74_T4_ss1_pd.jpeg",17195,0
"377641ae5380a017cb62fcf9659afcd6",1787463468005,10,"tf2_63_M_ss1.jpeg","tf2_63_T1_ss1_pd.jpeg",24797,1
"377641ae5380a017cb62fcf9659afcd6",1787463484505,11,"tf1_64_M_ss3.jpeg","tf1_64_T2_ss3_pd.jpeg",15194,0
"377641ae5380a017cb62fcf9659afcd6",1787463510706,12,"tf3_59_M_ss2.jpeg","tf3_59_T1_ss2_pd.jpeg",24896,1
"377641ae5380a017cb62fcf9659afcd6",1787463531743,13,"tf3_21_M_ss3.jpeg","tf3_21_T1_ss3_pd.jpeg",19732,1
"377641ae5380a017cb62fcf9659afcd6",1787463545273,14,"tf2_76_M_ss2.jpeg","tf2_76_T1_ss2_pd.jpeg",12226,1
"377641ae5380a017cb62fcf9659afcd6",1787463565406,15,"tf3_17_M_ss2.jpeg","tf3_17_T1_ss2_pd.jpeg",18828,1
"377641ae5380a017cb62fcf9659afcd6",1787463590975,16,"tf2_45_M_ss1.jpeg","tf2_45_T1_ss1_pd.jpeg",24263,1
"377641ae5380a017cb62fcf9659afcd6",1787463600690,17,"tf2_29_M_ss3.jpeg","tf2_29_T1_ss3_pd.jpeg",8412,1
"377641ae5380a017cb62fcf9659afcd6",1787463628807,18,"tf3_44_M_ss2.jpeg","tf3_44_T3_ss2_pd.jpeg",26813,0
"377641ae5380a017cb62fcf9659afcd6",1787463645258,19,"tf3_35_M_ss2.jpeg","tf3_35_T1_ss2_pd.jpeg",15147,1
"377641ae5380a017cb62fcf9659afcd6",1787463658792,20,"tf2_42_M_ss1.jpeg","tf2_42_T1_ss1_pd.jpeg",12229,1
"377641ae5380a017cb62fcf9659afcd6",1787463669191,21,"tf3_75_M_ss3.jpeg","tf3_75_T1_ss3_pd.jpeg",9095,1
"377641ae5380a017cb62fcf9659afcd6",1787463680275,22,"tf2_46_M_ss2.jpeg","tf2_46_T1_ss2_pd.jpeg",9779,1
"377641ae5380a017cb62fcf9659afcd6",1787463689275,23,"tf2_52_M_ss2.jpeg","tf2_52_T1_ss2_pd.jpeg",7696,1
"377641ae5380a017cb62fcf9659afcd6",1787463700725,24,"tf1_55_M_ss3.jpeg","tf1_55_T1_ss3_pd.jpeg",10147,1
"377641ae5380a017cb62fcf9659afcd6",1787463707776,25,"tf2_30_M_ss1.jpeg","tf2_30_T1_ss1_pd.jpeg",5747,1
"377641ae5380a017cb62fcf9659afcd6",1787463722775,26,"tf2_24_M_ss1.jpeg","tf2_24_T3_ss1_pd.jpeg",13695,0
"377641ae5380a017cb62fcf9659afcd6",1787463739676,27,"tf2_58_M_ss2.jpeg","tf2_58_T1_ss2_md.jpeg",15596,1
"377641ae5380a017cb62fcf9659afcd6",1787463747793,28,"tf1_80_M_ss1.jpeg","tf1_80_T4_ss1_pd.jpeg",6813,0
"377641ae5380a017cb62fcf9659afcd6",1787463759576,29,"tf1_72_M_ss2.jpeg","tf1_72_T1_ss2_pd.jpeg",10480,1
"377641ae5380a017cb62fcf9659afcd6",1787463780377,30,"tf2_36_M_ss1.jpeg","tf2_36_T1_ss1_pd.jpeg",19495,1
